0a2006a9-9f2a-4246-b377-080eaea38b01,faf86858-1a19-4e5e-921d-0e0470fff54c,0a2006a9-9f2a-4246-b377-080eaea38b01
0a2006a9-9f2a-4246-b377-080eaea38b01,b984438f-9932-469f-901c-2a9304123a51,0a2006a9-9f2a-4246-b377-080eaea38b01
0a2006a9-9f2a-4246-b377-080eaea38b01,8ea437d8-4cb2-45bd-ab81-7c6991762cf1,0a2006a9-9f2a-4246-b377-080eaea38b01
0a2006a9-9f2a-4246-b377-080eaea38b01,9dda314d-b367-48fb-8b4e-ebd027b0ff3b,0a2006a9-9f2a-4246-b377-080eaea38b01
0a2006a9-9f2a-4246-b377-080eaea38b01,d76d2ffa-521e-48be-9e13-8fb73909ada5,0a2006a9-9f2a-4246-b377-080eaea38b01
0a2006a9-9f2a-4246-b377-080eaea38b01,6fd1d8e5-bd05-4967-8217-a54ee3824ba3,0a2006a9-9f2a-4246-b377-080eaea38b01
0a2006a9-9f2a-4246-b377-080eaea38b01,278fdb76-6405-4d0e-9a67-ef11e19c5ca2,0a2006a9-9f2a-4246-b377-080eaea38b01
0a2006a9-9f2a-4246-b377-080eaea38b01,56d98c3c-cabe-4484-8134-1f37db2c3359,0a2006a9-9f2a-4246-b377-080eaea38b01
0a2006a9-9f2a-4246-b377-080eaea38b01,8a8ae8fa-5b42-4e0a-b678-9ee00ff73bf3,0a2006a9-9f2a-4246-b377-080eaea38b01
0a2006a9-9f2a-4246-b377-080eaea38b01,27f39ee1-802f-4133-8474-14503db24896,0a2006a9-9f2a-4246-b377-080eaea38b01
0a2006a9-9f2a-4246-b377-080eaea38b01,f4cfa5e6-c2d3-4617-ba02-ea39199c8c4c,0a2006a9-9f2a-4246-b377-080eaea38b01
0a2006a9-9f2a-4246-b377-080eaea38b01,2435bfde-69c8-45cd-81c9-2f777c3d76e2,0a2006a9-9f2a-4246-b377-080eaea38b01
0a2006a9-9f2a-4246-b377-080eaea38b01,63b9e5e8-d20a-43f4-86d3-1d8cc3939420,0a2006a9-9f2a-4246-b377-080eaea38b01
0a2006a9-9f2a-4246-b377-080eaea38b01,b0b7e57b-8ef2-493d-8277-01345a233f0f,0a2006a9-9f2a-4246-b377-080eaea38b01
0a2006a9-9f2a-4246-b377-080eaea38b01,775e15cf-5111-4694-9380-1177fb238dd5,0a2006a9-9f2a-4246-b377-080eaea38b01
0a2006a9-9f2a-4246-b377-080eaea38b01,20f60f20-dc50-4ac6-89d7-e17914e31809,0a2006a9-9f2a-4246-b377-080eaea38b01
0a2006a9-9f2a-4246-b377-080eaea38b01,d11cfe3d-3ffe-4516-9669-2b189e237a95,0a2006a9-9f2a-4246-b377-080eaea38b01
0a2006a9-9f2a-4246-b377-080eaea38b01,1ddc2bf0-4fb9-4093-a98e-ac48cf28e30c,0a2006a9-9f2a-4246-b377-080eaea38b01
0a2006a9-9f2a-4246-b377-080eaea38b01,fe0f5c76-723b-4968-be76-835edc4c07dc,0a2006a9-9f2a-4246-b377-080eaea38b01
0a2006a9-9f2a-4246-b377-080eaea38b01,31db51a1-1dce-4101-9306-eb4976fe181e,0a2006a9-9f2a-4246-b377-080eaea38b01
0a2006a9-9f2a-4246-b377-080eaea38b01,2feaa33a-36a3-4551-8cd3-ad561214b0bc,0a2006a9-9f2a-4246-b377-080eaea38b01
0a2006a9-9f2a-4246-b377-080eaea38b01,d87b9278-76e9-4d05-afb8-be5844f0ef20,0a2006a9-9f2a-4246-b377-080eaea38b01
0a2006a9-9f2a-4246-b377-080eaea38b01,ec8f60a2-53a0-4a14-9978-2b8ae2a2ed45,0a2006a9-9f2a-4246-b377-080eaea38b01
0a2006a9-9f2a-4246-b377-080eaea38b01,ec75ce7e-2ece-49ee-81cc-07a80ecf45d0,0a2006a9-9f2a-4246-b377-080eaea38b01
0a2006a9-9f2a-4246-b377-080eaea38b01,02fc5b3d-9267-4a55-a224-02016acc1846,0a2006a9-9f2a-4246-b377-080eaea38b01
0a2006a9-9f2a-4246-b377-080eaea38b01,d65c34c7-4f49-4312-863a-88b1df442611,0a2006a9-9f2a-4246-b377-080eaea38b01
0a2006a9-9f2a-4246-b377-080eaea38b01,2777d302-90e1-401c-8612-392a5889ffa0,0a2006a9-9f2a-4246-b377-080eaea38b01
0a2006a9-9f2a-4246-b377-080eaea38b01,dc0ce070-7588-4131-8c55-dbb323b8fbc7,0a2006a9-9f2a-4246-b377-080eaea38b01
0a2006a9-9f2a-4246-b377-080eaea38b01,982d4f07-7c3c-4a02-a7bd-c8eb02cd122c,0a2006a9-9f2a-4246-b377-080eaea38b01
0a2006a9-9f2a-4246-b377-080eaea38b01,b166de36-ab67-46bb-873d-ffcc1f1b7a7e,0a2006a9-9f2a-4246-b377-080eaea38b01
0a2006a9-9f2a-4246-b377-080eaea38b01,fb972428-c8bc-4959-9d86-a85335820bf6,0a2006a9-9f2a-4246-b377-080eaea38b01
0a2006a9-9f2a-4246-b377-080eaea38b01,1d9d62cc-d0c4-4e5a-b84d-6894dfbacbde,0a2006a9-9f2a-4246-b377-080eaea38b01
0a2006a9-9f2a-4246-b377-080eaea38b01,eafc4cc4-1db6-44fc-bd6f-e10a5cba4076,0a2006a9-9f2a-4246-b377-080eaea38b01
0a2006a9-9f2a-4246-b377-080eaea38b01,901420ff-25c6-4940-8c70-90c3958a4fbb,0a2006a9-9f2a-4246-b377-080eaea38b01
0a2006a9-9f2a-4246-b377-080eaea38b01,60f9efcc-d06f-40c1-8a73-0e1f8443891e,0a2006a9-9f2a-4246-b377-080eaea38b01
0a2006a9-9f2a-4246-b377-080eaea38b01,52474ec8-127c-44f0-8425-b8ae59bd6003,0a2006a9-9f2a-4246-b377-080eaea38b01
0a2006a9-9f2a-4246-b377-080eaea38b01,a1d630bf-2326-4c20-960d-3cace84cef6c,0a2006a9-9f2a-4246-b377-080eaea38b01
0a2006a9-9f2a-4246-b377-080eaea38b01,28ef9992-7d9c-488f-a2af-14564678e9dd,0a2006a9-9f2a-4246-b377-080eaea38b01
0a2006a9-9f2a-4246-b377-080eaea38b01,74d0189e-9e01-4b52-9e2a-345b463eae4a,0a2006a9-9f2a-4246-b377-080eaea38b01
0a2006a9-9f2a-4246-b377-080eaea38b01,8525859d-b9d2-4088-aee7-9c20c1f857ef,0a2006a9-9f2a-4246-b377-080eaea38b01
0a2006a9-9f2a-4246-b377-080eaea38b01,6fef4275-e5e6-4022-a1ce-1e05e6031f1e,0a2006a9-9f2a-4246-b377-080eaea38b01
0a2006a9-9f2a-4246-b377-080eaea38b01,026b923b-4072-42bb-9b56-ff1d7592c44d,0a2006a9-9f2a-4246-b377-080eaea38b01
0a2006a9-9f2a-4246-b377-080eaea38b01,7816b368-fb15-4c1d-8fbd-7083437db820,0a2006a9-9f2a-4246-b377-080eaea38b01
0a2006a9-9f2a-4246-b377-080eaea38b01,91e5a9b9-43ee-40bc-a94a-ce01a0cc92c9,0a2006a9-9f2a-4246-b377-080eaea38b01
0a2006a9-9f2a-4246-b377-080eaea38b01,24461901-09d7-4717-b3f1-53b4af5a0898,0a2006a9-9f2a-4246-b377-080eaea38b01
0a2006a9-9f2a-4246-b377-080eaea38b01,671dafe9-1ce8-4ab8-9a65-6a2c2346574b,0a2006a9-9f2a-4246-b377-080eaea38b01
0a2006a9-9f2a-4246-b377-080eaea38b01,7bc8f4b4-7a08-4171-ba7f-32073afd92cd,0a2006a9-9f2a-4246-b377-080eaea38b01
0a2006a9-9f2a-4246-b377-080eaea38b01,1da02e04-b31d-4f42-9c49-eafcc278460b,0a2006a9-9f2a-4246-b377-080eaea38b01
0a2006a9-9f2a-4246-b377-080eaea38b01,62ef7806-7ad4-46fe-81a9-96a3a8a64963,0a2006a9-9f2a-4246-b377-080eaea38b01
0a2006a9-9f2a-4246-b377-080eaea38b01,7e9e0a1c-3340-4836-aa87-48ca8c067547,0a2006a9-9f2a-4246-b377-080eaea38b01
0a2006a9-9f2a-4246-b377-080eaea38b01,75cd57bd-11c7-4683-ab35-0dbce5e95ad5,0a2006a9-9f2a-4246-b377-080eaea38b01
0a2006a9-9f2a-4246-b377-080eaea38b01,94a7aeb2-76ef-40ab-be2f-f69915701737,0a2006a9-9f2a-4246-b377-080eaea38b01
0a2006a9-9f2a-4246-b377-080eaea38b01,5d203179-03c9-4e99-8276-09c764bb93b5,0a2006a9-9f2a-4246-b377-080eaea38b01
0a2006a9-9f2a-4246-b377-080eaea38b01,1c9a8f10-ebbb-45fd-b9fe-6fed959cd4b9,0a2006a9-9f2a-4246-b377-080eaea38b01
0a2006a9-9f2a-4246-b377-080eaea38b01,5afd531f-6b20-4067-a967-859881b064c8,0a2006a9-9f2a-4246-b377-080eaea38b01
0a2006a9-9f2a-4246-b377-080eaea38b01,f4bfc8b8-5e0b-4588-9261-124940117e33,0a2006a9-9f2a-4246-b377-080eaea38b01
0a2006a9-9f2a-4246-b377-080eaea38b01,d60629a7-7008-46ee-9bf0-1cac930d0d0c,0a2006a9-9f2a-4246-b377-080eaea38b01
0a2006a9-9f2a-4246-b377-080eaea38b01,4b176021-86a1-4de0-be74-3b997f84063f,0a2006a9-9f2a-4246-b377-080eaea38b01
0a2006a9-9f2a-4246-b377-080eaea38b01,6e7298d4-f3ca-4e15-9ebe-8364f7b6869b,0a2006a9-9f2a-4246-b377-080eaea38b01
0a2006a9-9f2a-4246-b377-080eaea38b01,1bbb9bf2-7ae3-4cbb-bf74-651155670d37,0a2006a9-9f2a-4246-b377-080eaea38b01
0a2006a9-9f2a-4246-b377-080eaea38b01,ac4bc3d1-7051-441c-8806-a4c3dde91400,0a2006a9-9f2a-4246-b377-080eaea38b01
0a2006a9-9f2a-4246-b377-080eaea38b01,9a2ce436-c0ca-454c-ad46-d2270d9ec3c7,0a2006a9-9f2a-4246-b377-080eaea38b01
0a2006a9-9f2a-4246-b377-080eaea38b01,f4bdc7c1-254a-46ba-9c11-db2217dcfc6a,0a2006a9-9f2a-4246-b377-080eaea38b01
0a2006a9-9f2a-4246-b377-080eaea38b01,a1868d61-f007-4216-9cbc-ffb4c306c209,0a2006a9-9f2a-4246-b377-080eaea38b01
0a2006a9-9f2a-4246-b377-080eaea38b01,2b3b7fc7-0fac-4c55-ba91-9dc624756584,0a2006a9-9f2a-4246-b377-080eaea38b01
0a2006a9-9f2a-4246-b377-080eaea38b01,03259fe1-14f5-437b-808b-40eeb94e88f4,0a2006a9-9f2a-4246-b377-080eaea38b01
0a2006a9-9f2a-4246-b377-080eaea38b01,602b283f-dfcd-47ed-a563-5ebfe99a3225,0a2006a9-9f2a-4246-b377-080eaea38b01
0a2006a9-9f2a-4246-b377-080eaea38b01,d22b9f1e-e47d-41fb-b855-e675bd133fd3,0a2006a9-9f2a-4246-b377-080eaea38b01
0a2006a9-9f2a-4246-b377-080eaea38b01,569aebcf-3e1b-467d-86ef-244af06b38eb,0a2006a9-9f2a-4246-b377-080eaea38b01
0a2006a9-9f2a-4246-b377-080eaea38b01,4741a932-21ac-4f10-9b1e-7436bc2ef10c,0a2006a9-9f2a-4246-b377-080eaea38b01
0a2006a9-9f2a-4246-b377-080eaea38b01,dc6a466b-32f4-4b4d-a7fa-7681859bfb99,0a2006a9-9f2a-4246-b377-080eaea38b01
0a2006a9-9f2a-4246-b377-080eaea38b01,af0c60c6-19aa-4e2b-9e6a-1bcd47327c2b,0a2006a9-9f2a-4246-b377-080eaea38b01
0a2006a9-9f2a-4246-b377-080eaea38b01,156abe39-df30-47f4-a3b0-59ea35e731f1,0a2006a9-9f2a-4246-b377-080eaea38b01
0a2006a9-9f2a-4246-b377-080eaea38b01,689a8959-13e2-4846-9959-b56ea53f403a,0a2006a9-9f2a-4246-b377-080eaea38b01
0a2006a9-9f2a-4246-b377-080eaea38b01,abdf36c9-0e3f-4385-b2fd-36eed771a93e,0a2006a9-9f2a-4246-b377-080eaea38b01
0a2006a9-9f2a-4246-b377-080eaea38b01,51915715-1f1c-40be-acc9-48e6a783f890,0a2006a9-9f2a-4246-b377-080eaea38b01
0a2006a9-9f2a-4246-b377-080eaea38b01,ed3e0993-9bd8-4ee6-840b-0eb7a55f0acd,0a2006a9-9f2a-4246-b377-080eaea38b01
0a2006a9-9f2a-4246-b377-080eaea38b01,90b13d23-3451-444a-8e63-bcccdfd9b26d,0a2006a9-9f2a-4246-b377-080eaea38b01
0a2006a9-9f2a-4246-b377-080eaea38b01,8abd4702-e950-4069-84c7-1669b2ff1a66,0a2006a9-9f2a-4246-b377-080eaea38b01
0a2006a9-9f2a-4246-b377-080eaea38b01,e78c42e0-52dc-447b-af40-9d37a2e1e360,0a2006a9-9f2a-4246-b377-080eaea38b01
0a2006a9-9f2a-4246-b377-080eaea38b01,9bf3336a-6441-4b53-88f5-9ad3e1ed63e0,0a2006a9-9f2a-4246-b377-080eaea38b01
0a2006a9-9f2a-4246-b377-080eaea38b01,40740c94-24cd-41f6-ab06-281dd13a6c8e,0a2006a9-9f2a-4246-b377-080eaea38b01
0a2006a9-9f2a-4246-b377-080eaea38b01,47d3e57a-9804-4fcb-9e79-127a53ceeb55,0a2006a9-9f2a-4246-b377-080eaea38b01
0a2006a9-9f2a-4246-b377-080eaea38b01,6b123379-048a-4b82-8f19-9ff8aa2e04a8,0a2006a9-9f2a-4246-b377-080eaea38b01
0a2006a9-9f2a-4246-b377-080eaea38b01,e6c51e59-8bcc-48bf-9122-9e4ad6cd57ca,0a2006a9-9f2a-4246-b377-080eaea38b01
0a2006a9-9f2a-4246-b377-080eaea38b01,0df345fd-0518-4ead-b5c4-01954d9965a2,0a2006a9-9f2a-4246-b377-080eaea38b01
0a2006a9-9f2a-4246-b377-080eaea38b01,010e583d-63ed-40b6-9154-f75eba15b78e,0a2006a9-9f2a-4246-b377-080eaea38b01
0a2006a9-9f2a-4246-b377-080eaea38b01,1fb8db14-079b-4296-9038-3c2e694d9086,0a2006a9-9f2a-4246-b377-080eaea38b01
0a2006a9-9f2a-4246-b377-080eaea38b01,33c061f6-5f62-459f-88e7-d20dc787d1f9,0a2006a9-9f2a-4246-b377-080eaea38b01
0a2006a9-9f2a-4246-b377-080eaea38b01,55391a6b-117c-425d-9b0c-b01ea3acad1b,0a2006a9-9f2a-4246-b377-080eaea38b01
0a2006a9-9f2a-4246-b377-080eaea38b01,ac963990-4814-4241-99b0-0104a32e3c4c,0a2006a9-9f2a-4246-b377-080eaea38b01
0a2006a9-9f2a-4246-b377-080eaea38b01,96087140-be2d-4634-8346-47f16cac01c0,0a2006a9-9f2a-4246-b377-080eaea38b01
0a2006a9-9f2a-4246-b377-080eaea38b01,f15ec737-96b9-43ea-a9d5-e0e00c3030aa,0a2006a9-9f2a-4246-b377-080eaea38b01
0a2006a9-9f2a-4246-b377-080eaea38b01,fdcc09d7-dbab-4652-9e0f-646bfa8a1274,0a2006a9-9f2a-4246-b377-080eaea38b01
0a2006a9-9f2a-4246-b377-080eaea38b01,db062ecf-8c54-4fea-861c-baaef2520ba4,0a2006a9-9f2a-4246-b377-080eaea38b01
0a2006a9-9f2a-4246-b377-080eaea38b01,b099f6a1-708a-4121-92d8-d4d48bf0484b,0a2006a9-9f2a-4246-b377-080eaea38b01
0a2006a9-9f2a-4246-b377-080eaea38b01,49e7b7a8-7805-4a53-b447-f6d94719ded1,0a2006a9-9f2a-4246-b377-080eaea38b01
0a2006a9-9f2a-4246-b377-080eaea38b01,f31e2bb0-6a6e-458c-9a05-03bc115dd3e4,0a2006a9-9f2a-4246-b377-080eaea38b01
0a2006a9-9f2a-4246-b377-080eaea38b01,5c8a91ec-832e-48c2-9e23-4a338ce6a86a,0a2006a9-9f2a-4246-b377-080eaea38b01
0a2006a9-9f2a-4246-b377-080eaea38b01,b3c0ed22-ddd6-484a-8eb3-68065161f642,0a2006a9-9f2a-4246-b377-080eaea38b01
0a2006a9-9f2a-4246-b377-080eaea38b01,f2cf2b36-4fd9-4d74-8849-e6d6f13a84a5,0a2006a9-9f2a-4246-b377-080eaea38b01
0a2006a9-9f2a-4246-b377-080eaea38b01,665ecbaf-533e-4a94-885d-198e7ae3e68e,0a2006a9-9f2a-4246-b377-080eaea38b01
0a2006a9-9f2a-4246-b377-080eaea38b01,0655ad0b-b1c9-4fd4-8399-b1fd68a5ea1d,0a2006a9-9f2a-4246-b377-080eaea38b01
0a2006a9-9f2a-4246-b377-080eaea38b01,61635228-4a55-4000-81db-0b910f553766,0a2006a9-9f2a-4246-b377-080eaea38b01
0a2006a9-9f2a-4246-b377-080eaea38b01,0994ac4d-2b56-40b0-b3e3-f20fadbaa324,0a2006a9-9f2a-4246-b377-080eaea38b01
0a2006a9-9f2a-4246-b377-080eaea38b01,bf261138-1ff7-4517-9323-27123bba45e5,0a2006a9-9f2a-4246-b377-080eaea38b01
0a2006a9-9f2a-4246-b377-080eaea38b01,d6e18a88-8771-4d62-8be7-99d380499339,0a2006a9-9f2a-4246-b377-080eaea38b01
0a2006a9-9f2a-4246-b377-080eaea38b01,8444ad75-979c-4421-8ce6-fb1674b60f2f,0a2006a9-9f2a-4246-b377-080eaea38b01
0a2006a9-9f2a-4246-b377-080eaea38b01,40c023be-502a-471b-85f1-fa02a574a020,0a2006a9-9f2a-4246-b377-080eaea38b01
0a2006a9-9f2a-4246-b377-080eaea38b01,ecb7ec4a-7ccb-42cb-88d3-c176d18bacc9,0a2006a9-9f2a-4246-b377-080eaea38b01
0a2006a9-9f2a-4246-b377-080eaea38b01,78b04d4c-ef40-4c08-ba99-1c4df5e1c97a,0a2006a9-9f2a-4246-b377-080eaea38b01
0a2006a9-9f2a-4246-b377-080eaea38b01,548b2342-befd-48c0-85b3-094eed43d3eb,0a2006a9-9f2a-4246-b377-080eaea38b01
0a2006a9-9f2a-4246-b377-080eaea38b01,a70bff07-f5b6-4287-a349-9f7e864e94fa,0a2006a9-9f2a-4246-b377-080eaea38b01
0a2006a9-9f2a-4246-b377-080eaea38b01,0445b02d-b8ba-4095-be9e-5e15693838a4,0a2006a9-9f2a-4246-b377-080eaea38b01
0a2006a9-9f2a-4246-b377-080eaea38b01,ba1d8db6-9d51-4d93-ae75-9482891f2a46,0a2006a9-9f2a-4246-b377-080eaea38b01
0a2006a9-9f2a-4246-b377-080eaea38b01,e87b8794-a7ae-47aa-bf79-b8b0aa45e342,0a2006a9-9f2a-4246-b377-080eaea38b01
0a2006a9-9f2a-4246-b377-080eaea38b01,6746b70d-e6ef-4e8b-82dd-a00b229910d5,0a2006a9-9f2a-4246-b377-080eaea38b01
0a2006a9-9f2a-4246-b377-080eaea38b01,eb63a254-44bc-4d4a-9c7d-44528fa0d228,0a2006a9-9f2a-4246-b377-080eaea38b01
0a2006a9-9f2a-4246-b377-080eaea38b01,c8da4873-35d2-4629-bd66-0984fa196e82,0a2006a9-9f2a-4246-b377-080eaea38b01
0a2006a9-9f2a-4246-b377-080eaea38b01,45c5f766-cf1c-41e7-af05-5bc4f2dc3244,0a2006a9-9f2a-4246-b377-080eaea38b01
0a2006a9-9f2a-4246-b377-080eaea38b01,85d0e6b1-53d9-43fa-b128-223a63890668,0a2006a9-9f2a-4246-b377-080eaea38b01
0a2006a9-9f2a-4246-b377-080eaea38b01,71f22d9f-61df-459c-b572-77569b32648d,0a2006a9-9f2a-4246-b377-080eaea38b01
0a2006a9-9f2a-4246-b377-080eaea38b01,16a8c64d-297c-4ba0-9ab1-b36a360d0177,0a2006a9-9f2a-4246-b377-080eaea38b01
0a2006a9-9f2a-4246-b377-080eaea38b01,fa9407a2-4369-4521-94a1-4c14e244c830,0a2006a9-9f2a-4246-b377-080eaea38b01
0a2006a9-9f2a-4246-b377-080eaea38b01,0300a6d6-b4f9-4e0e-8bba-f34037635b98,0a2006a9-9f2a-4246-b377-080eaea38b01
0a2006a9-9f2a-4246-b377-080eaea38b01,6df38bea-1de4-46a5-8e3f-ff979e323b1c,0a2006a9-9f2a-4246-b377-080eaea38b01
0a2006a9-9f2a-4246-b377-080eaea38b01,5f54867a-41c3-4f29-bfc6-e18e183bac29,0a2006a9-9f2a-4246-b377-080eaea38b01
0a2006a9-9f2a-4246-b377-080eaea38b01,dd59cdf0-4cd6-42bc-9d48-9e6951d696cc,0a2006a9-9f2a-4246-b377-080eaea38b01
0a2006a9-9f2a-4246-b377-080eaea38b01,a8288855-131f-4651-bb5b-b0d8f7e03537,0a2006a9-9f2a-4246-b377-080eaea38b01
0a2006a9-9f2a-4246-b377-080eaea38b01,c30d7895-bed8-4da4-801b-95df5b62ee7f,0a2006a9-9f2a-4246-b377-080eaea38b01
0a2006a9-9f2a-4246-b377-080eaea38b01,02a9af12-d10a-43a3-a2b8-f0b6eb2ef9cc,0a2006a9-9f2a-4246-b377-080eaea38b01
0a2006a9-9f2a-4246-b377-080eaea38b01,dc5564be-1735-47db-a18d-a12ee1953783,0a2006a9-9f2a-4246-b377-080eaea38b01
0a2006a9-9f2a-4246-b377-080eaea38b01,0863fae1-2837-4bb5-8728-15b1dcbd6786,0a2006a9-9f2a-4246-b377-080eaea38b01
0a2006a9-9f2a-4246-b377-080eaea38b01,6de25858-4aff-4a3d-8ee2-068454089717,0a2006a9-9f2a-4246-b377-080eaea38b01
0a2006a9-9f2a-4246-b377-080eaea38b01,2bcd2bdd-43f2-468f-b4af-a0a3313778a7,0a2006a9-9f2a-4246-b377-080eaea38b01
0a2006a9-9f2a-4246-b377-080eaea38b01,d1672e92-e340-41d1-838e-34b195fd3936,0a2006a9-9f2a-4246-b377-080eaea38b01
0a2006a9-9f2a-4246-b377-080eaea38b01,2f4fe664-a910-4446-88d2-1f364aebd5a3,0a2006a9-9f2a-4246-b377-080eaea38b01
0a2006a9-9f2a-4246-b377-080eaea38b01,9eb88aa5-6ad1-494c-9619-23c7b8fb4f10,0a2006a9-9f2a-4246-b377-080eaea38b01
0a2006a9-9f2a-4246-b377-080eaea38b01,f6242137-3d09-4474-9533-1f941b43af32,0a2006a9-9f2a-4246-b377-080eaea38b01
0a2006a9-9f2a-4246-b377-080eaea38b01,71325221-4c99-4ede-8f0e-18a37cbd390c,0a2006a9-9f2a-4246-b377-080eaea38b01
0a2006a9-9f2a-4246-b377-080eaea38b01,b5801868-1017-4676-81db-7608077c49f7,0a2006a9-9f2a-4246-b377-080eaea38b01
0a2006a9-9f2a-4246-b377-080eaea38b01,8752e9fc-d349-4d46-88a2-293ede523f11,0a2006a9-9f2a-4246-b377-080eaea38b01
0a2006a9-9f2a-4246-b377-080eaea38b01,a9c5b683-681e-49f7-8537-48e0be1edaa4,0a2006a9-9f2a-4246-b377-080eaea38b01
0a2006a9-9f2a-4246-b377-080eaea38b01,bd5196c4-9200-4c86-b32b-c53c94a44518,0a2006a9-9f2a-4246-b377-080eaea38b01
0a2006a9-9f2a-4246-b377-080eaea38b01,841e94bd-431f-4e6d-aa0b-316e8753b12e,0a2006a9-9f2a-4246-b377-080eaea38b01
0a2006a9-9f2a-4246-b377-080eaea38b01,f8dac20d-8884-47fe-afe7-83bfbe34ab01,0a2006a9-9f2a-4246-b377-080eaea38b01
0a2006a9-9f2a-4246-b377-080eaea38b01,07d9e6d3-d8c6-4d38-8a91-e18bf8eaad03,0a2006a9-9f2a-4246-b377-080eaea38b01
0a2006a9-9f2a-4246-b377-080eaea38b01,4d786db6-5e8d-4ac7-a3c5-be2ee9ab2e3e,0a2006a9-9f2a-4246-b377-080eaea38b01
0a2006a9-9f2a-4246-b377-080eaea38b01,f02adf09-a897-4a2c-ae6d-4146fc3c79fe,0a2006a9-9f2a-4246-b377-080eaea38b01
0a2006a9-9f2a-4246-b377-080eaea38b01,829ab291-3bdf-493c-aec9-3db8e6e2fc5c,0a2006a9-9f2a-4246-b377-080eaea38b01
0a2006a9-9f2a-4246-b377-080eaea38b01,9785224c-769e-4781-9add-8fff76c36c07,0a2006a9-9f2a-4246-b377-080eaea38b01
0a2006a9-9f2a-4246-b377-080eaea38b01,8c22ce4e-9d3c-4ac2-a6ce-9a51562b98ec,0a2006a9-9f2a-4246-b377-080eaea38b01
0a2006a9-9f2a-4246-b377-080eaea38b01,14d13e0a-c4a3-41c6-82ef-5c760ff642e9,0a2006a9-9f2a-4246-b377-080eaea38b01
0a2006a9-9f2a-4246-b377-080eaea38b01,58a32f17-f735-4b36-b840-e3062e23c4d6,0a2006a9-9f2a-4246-b377-080eaea38b01
0a2006a9-9f2a-4246-b377-080eaea38b01,af12b5c0-1c0f-4dff-a6ca-87e10083d5ad,0a2006a9-9f2a-4246-b377-080eaea38b01
0a2006a9-9f2a-4246-b377-080eaea38b01,f67a64de-f0d4-48e3-88b7-293718d79f4c,0a2006a9-9f2a-4246-b377-080eaea38b01
0a2006a9-9f2a-4246-b377-080eaea38b01,838a709e-0e70-4506-8afc-f856897e81cb,0a2006a9-9f2a-4246-b377-080eaea38b01
0a2006a9-9f2a-4246-b377-080eaea38b01,8419b35f-c7cd-41a8-b604-80a3c29d5955,0a2006a9-9f2a-4246-b377-080eaea38b01
0a2006a9-9f2a-4246-b377-080eaea38b01,e9cb4523-3562-4c3b-b9ba-da4566c6a43f,0a2006a9-9f2a-4246-b377-080eaea38b01
0a2006a9-9f2a-4246-b377-080eaea38b01,214b63f8-cf66-439a-bc68-781ee2e4a4ee,0a2006a9-9f2a-4246-b377-080eaea38b01
0a2006a9-9f2a-4246-b377-080eaea38b01,b2fc5c51-2229-425d-944e-c43a73adf456,0a2006a9-9f2a-4246-b377-080eaea38b01
0a2006a9-9f2a-4246-b377-080eaea38b01,95554b8b-e61c-48de-8e90-9822718cba6e,0a2006a9-9f2a-4246-b377-080eaea38b01
0a2006a9-9f2a-4246-b377-080eaea38b01,666390cf-ad21-4def-ab98-799bdc833a32,0a2006a9-9f2a-4246-b377-080eaea38b01
0a2006a9-9f2a-4246-b377-080eaea38b01,b1815282-f8fe-43ff-8a49-ab6a22814da9,0a2006a9-9f2a-4246-b377-080eaea38b01
0a2006a9-9f2a-4246-b377-080eaea38b01,7ba41fa5-c509-4b4d-b318-c95243cc8e62,0a2006a9-9f2a-4246-b377-080eaea38b01
0a2006a9-9f2a-4246-b377-080eaea38b01,3f38a157-eceb-44c1-a5f5-5d57eed997b6,0a2006a9-9f2a-4246-b377-080eaea38b01
0a2006a9-9f2a-4246-b377-080eaea38b01,8261e605-766a-4193-ad3b-5b2369418a26,0a2006a9-9f2a-4246-b377-080eaea38b01
0a2006a9-9f2a-4246-b377-080eaea38b01,a617f2fa-8c10-4386-97f2-99f9c6aaf6a8,0a2006a9-9f2a-4246-b377-080eaea38b01
0a2006a9-9f2a-4246-b377-080eaea38b01,2498e831-a28a-4285-83fb-c5faeda97ad2,0a2006a9-9f2a-4246-b377-080eaea38b01
0a2006a9-9f2a-4246-b377-080eaea38b01,58ac6f75-f441-43d7-8e69-0f8cc4402af8,0a2006a9-9f2a-4246-b377-080eaea38b01
0a2006a9-9f2a-4246-b377-080eaea38b01,d03f1ba4-caa1-499d-9bb8-19c367e929cb,0a2006a9-9f2a-4246-b377-080eaea38b01
0a2006a9-9f2a-4246-b377-080eaea38b01,7b3d4358-7731-4be1-931f-1c211b4d503b,0a2006a9-9f2a-4246-b377-080eaea38b01
0a2006a9-9f2a-4246-b377-080eaea38b01,fedd20cc-ecca-4c1e-9165-fa557da98413,0a2006a9-9f2a-4246-b377-080eaea38b01
0a2006a9-9f2a-4246-b377-080eaea38b01,ddc843b3-008c-42c9-9d2f-a6e7fa637f01,0a2006a9-9f2a-4246-b377-080eaea38b01
0a2006a9-9f2a-4246-b377-080eaea38b01,4ddb2d00-4982-4f06-8b3b-6c99accc2976,0a2006a9-9f2a-4246-b377-080eaea38b01
0a2006a9-9f2a-4246-b377-080eaea38b01,c8168b45-f846-4eba-8d7b-64bb41006f5d,0a2006a9-9f2a-4246-b377-080eaea38b01
0a2006a9-9f2a-4246-b377-080eaea38b01,9e1c3d0f-1ad4-4f27-b05b-de4634d3a9a3,0a2006a9-9f2a-4246-b377-080eaea38b01
0a2006a9-9f2a-4246-b377-080eaea38b01,6b7cba70-7945-4072-9ebf-2b7d0caca86d,0a2006a9-9f2a-4246-b377-080eaea38b01
0a2006a9-9f2a-4246-b377-080eaea38b01,e7a8e8d6-b0ad-42f9-87af-b013a180eb5b,0a2006a9-9f2a-4246-b377-080eaea38b01
0a2006a9-9f2a-4246-b377-080eaea38b01,5cc99b68-2c08-4569-b0cc-fc10dfdef2eb,0a2006a9-9f2a-4246-b377-080eaea38b01
0a2006a9-9f2a-4246-b377-080eaea38b01,bb40bc2e-5499-4444-8902-e71146238ed4,0a2006a9-9f2a-4246-b377-080eaea38b01
0a2006a9-9f2a-4246-b377-080eaea38b01,e81dd1b5-eea0-4ca6-b35b-fe61fc69b778,0a2006a9-9f2a-4246-b377-080eaea38b01
0a2006a9-9f2a-4246-b377-080eaea38b01,07e06ca9-49d9-4729-a506-4ed23738f7e1,0a2006a9-9f2a-4246-b377-080eaea38b01
0a2006a9-9f2a-4246-b377-080eaea38b01,e6a1fb76-4345-4a35-9d56-1d1bf694a1cf,0a2006a9-9f2a-4246-b377-080eaea38b01
0a2006a9-9f2a-4246-b377-080eaea38b01,013eca85-2666-41dc-b6bf-73d3598be77b,0a2006a9-9f2a-4246-b377-080eaea38b01
0a2006a9-9f2a-4246-b377-080eaea38b01,fdacd990-345b-47c5-8f68-6aa1a677dacc,0a2006a9-9f2a-4246-b377-080eaea38b01
0a2006a9-9f2a-4246-b377-080eaea38b01,2394bdab-60ca-4e84-baf7-4fd415d65db7,0a2006a9-9f2a-4246-b377-080eaea38b01
0a2006a9-9f2a-4246-b377-080eaea38b01,76f53554-f35d-4b98-a749-a3a12ae25c6c,0a2006a9-9f2a-4246-b377-080eaea38b01
0a2006a9-9f2a-4246-b377-080eaea38b01,018f404d-31bf-4bfe-a111-296003b9d7a7,0a2006a9-9f2a-4246-b377-080eaea38b01
0a2006a9-9f2a-4246-b377-080eaea38b01,a093b146-7792-4728-84c6-56b305ac97ec,0a2006a9-9f2a-4246-b377-080eaea38b01
0a2006a9-9f2a-4246-b377-080eaea38b01,cd954fbf-b6d8-41e3-b0bd-8c8e69d0dc54,0a2006a9-9f2a-4246-b377-080eaea38b01
0a2006a9-9f2a-4246-b377-080eaea38b01,74d66d7b-4de4-43de-bf12-5dd1e03fe717,0a2006a9-9f2a-4246-b377-080eaea38b01
0a2006a9-9f2a-4246-b377-080eaea38b01,f426f110-dea8-4679-83c5-25d59cd9f03e,0a2006a9-9f2a-4246-b377-080eaea38b01
0a2006a9-9f2a-4246-b377-080eaea38b01,9505f2fb-b345-41a8-b472-cfde352fcd5b,0a2006a9-9f2a-4246-b377-080eaea38b01
0a2006a9-9f2a-4246-b377-080eaea38b01,cf9a3afa-02ce-4407-b63f-714b177e4fe8,0a2006a9-9f2a-4246-b377-080eaea38b01
0a2006a9-9f2a-4246-b377-080eaea38b01,f3dc85fd-4a85-4a06-bed2-3419468b4dbe,0a2006a9-9f2a-4246-b377-080eaea38b01
0a2006a9-9f2a-4246-b377-080eaea38b01,0312859d-edb1-447a-a084-611b83d0a576,0a2006a9-9f2a-4246-b377-080eaea38b01
0a2006a9-9f2a-4246-b377-080eaea38b01,b92e75d6-038e-4b7d-98a0-1d1ab76f17c2,0a2006a9-9f2a-4246-b377-080eaea38b01
0a2006a9-9f2a-4246-b377-080eaea38b01,e161aab3-eec8-4bf8-b8d2-de2fbcd400f0,0a2006a9-9f2a-4246-b377-080eaea38b01
0a2006a9-9f2a-4246-b377-080eaea38b01,0dcef5ae-87b6-439f-a850-6d73d2bb1e9e,0a2006a9-9f2a-4246-b377-080eaea38b01
0a2006a9-9f2a-4246-b377-080eaea38b01,763cb874-344f-44e8-93bb-85a21e18256a,0a2006a9-9f2a-4246-b377-080eaea38b01
0a2006a9-9f2a-4246-b377-080eaea38b01,d2dfedd5-d0b9-441f-9a5b-8443e77f3397,0a2006a9-9f2a-4246-b377-080eaea38b01
0a2006a9-9f2a-4246-b377-080eaea38b01,465a03a6-b309-42e1-86ba-1fe69ee38f8e,0a2006a9-9f2a-4246-b377-080eaea38b01
0a2006a9-9f2a-4246-b377-080eaea38b01,431c8180-6997-4056-8b04-cdc5768536ed,0a2006a9-9f2a-4246-b377-080eaea38b01
0a2006a9-9f2a-4246-b377-080eaea38b01,e238a556-437d-4254-8937-e785b44fbff2,0a2006a9-9f2a-4246-b377-080eaea38b01
0a2006a9-9f2a-4246-b377-080eaea38b01,b2c33268-6aee-4030-aa47-590b96ac4a93,0a2006a9-9f2a-4246-b377-080eaea38b01
0a2006a9-9f2a-4246-b377-080eaea38b01,ade2f1c0-30c8-46ac-abd6-49665faf8a42,0a2006a9-9f2a-4246-b377-080eaea38b01
0a2006a9-9f2a-4246-b377-080eaea38b01,cea1facc-143c-48ab-85d7-a49299296ae8,0a2006a9-9f2a-4246-b377-080eaea38b01
0a2006a9-9f2a-4246-b377-080eaea38b01,d339def0-e016-47ef-816f-73448798cf41,0a2006a9-9f2a-4246-b377-080eaea38b01
0a2006a9-9f2a-4246-b377-080eaea38b01,d21cd52b-717f-44fd-867c-20447ff3ff23,0a2006a9-9f2a-4246-b377-080eaea38b01
0a2006a9-9f2a-4246-b377-080eaea38b01,08a74b0b-a072-4a79-a941-bb1573055732,0a2006a9-9f2a-4246-b377-080eaea38b01
0a2006a9-9f2a-4246-b377-080eaea38b01,6a16ed68-b64d-4af6-aa54-30575bf95df4,0a2006a9-9f2a-4246-b377-080eaea38b01
0a2006a9-9f2a-4246-b377-080eaea38b01,5eae404f-dd3a-4607-a290-6dfccaa1bc1d,0a2006a9-9f2a-4246-b377-080eaea38b01
0a2006a9-9f2a-4246-b377-080eaea38b01,4d07338e-5978-4abb-a5c1-e77edc2c22a6,0a2006a9-9f2a-4246-b377-080eaea38b01
0a2006a9-9f2a-4246-b377-080eaea38b01,842cc35a-1cb3-4b78-90a7-533cca93a5fd,0a2006a9-9f2a-4246-b377-080eaea38b01
0a2006a9-9f2a-4246-b377-080eaea38b01,bb71017d-8ab3-46ee-b7b0-ce1380569ccd,0a2006a9-9f2a-4246-b377-080eaea38b01
0a2006a9-9f2a-4246-b377-080eaea38b01,479bbbee-d9b2-4249-8a15-16098898601c,0a2006a9-9f2a-4246-b377-080eaea38b01
0a2006a9-9f2a-4246-b377-080eaea38b01,6dbbda01-bad4-40a6-bb8c-718ad6997e19,0a2006a9-9f2a-4246-b377-080eaea38b01
0a2006a9-9f2a-4246-b377-080eaea38b01,667143ca-6ef3-411e-a7b3-de319636fe3f,0a2006a9-9f2a-4246-b377-080eaea38b01
0a2006a9-9f2a-4246-b377-080eaea38b01,7ed90b75-e9e2-4527-b979-6e3eae432b15,0a2006a9-9f2a-4246-b377-080eaea38b01
0a2006a9-9f2a-4246-b377-080eaea38b01,e48bc28b-8cfb-4e7f-a52a-fff247cc068a,0a2006a9-9f2a-4246-b377-080eaea38b01
0a2006a9-9f2a-4246-b377-080eaea38b01,75ca8e13-87dc-48fc-a37e-9ed573250fc7,0a2006a9-9f2a-4246-b377-080eaea38b01
0a2006a9-9f2a-4246-b377-080eaea38b01,c28052ab-cdb5-4939-a914-e45ccbfaa09b,0a2006a9-9f2a-4246-b377-080eaea38b01
0a2006a9-9f2a-4246-b377-080eaea38b01,9c86ea9c-9417-4691-a8cf-98480ed400ae,0a2006a9-9f2a-4246-b377-080eaea38b01
0a2006a9-9f2a-4246-b377-080eaea38b01,511a8edc-494e-4e96-8a1f-85416aa933a5,0a2006a9-9f2a-4246-b377-080eaea38b01
0a2006a9-9f2a-4246-b377-080eaea38b01,654e8acd-5549-409e-886c-5449aa9ff964,0a2006a9-9f2a-4246-b377-080eaea38b01
0a2006a9-9f2a-4246-b377-080eaea38b01,b1246d22-69fc-4867-aafe-17e564b8699d,0a2006a9-9f2a-4246-b377-080eaea38b01
0a2006a9-9f2a-4246-b377-080eaea38b01,3dab27fb-df39-4555-abc5-07b6d3370784,0a2006a9-9f2a-4246-b377-080eaea38b01
0a2006a9-9f2a-4246-b377-080eaea38b01,a7b29ee2-d5cc-4979-bf64-27848142fcdc,0a2006a9-9f2a-4246-b377-080eaea38b01
0a2006a9-9f2a-4246-b377-080eaea38b01,f15c67c2-df5a-4319-96fc-987008215d21,0a2006a9-9f2a-4246-b377-080eaea38b01
0a2006a9-9f2a-4246-b377-080eaea38b01,800f2889-9a67-4ab6-aa7e-0ebedd0bc63a,0a2006a9-9f2a-4246-b377-080eaea38b01
0a2006a9-9f2a-4246-b377-080eaea38b01,4e9d01f9-a0b2-4fd4-a661-21f6a5d2593c,0a2006a9-9f2a-4246-b377-080eaea38b01
0a2006a9-9f2a-4246-b377-080eaea38b01,f27937c0-8b3a-4c3f-b0c6-6e21b182ff3a,0a2006a9-9f2a-4246-b377-080eaea38b01
0a2006a9-9f2a-4246-b377-080eaea38b01,94de4287-3cde-42e7-a969-39cd1c3f2269,0a2006a9-9f2a-4246-b377-080eaea38b01
0a2006a9-9f2a-4246-b377-080eaea38b01,50fae67d-c669-4cf4-b47e-62d73e26059d,0a2006a9-9f2a-4246-b377-080eaea38b01
0a2006a9-9f2a-4246-b377-080eaea38b01,f9be1940-5bee-43f8-af42-1d172138862d,0a2006a9-9f2a-4246-b377-080eaea38b01
0a2006a9-9f2a-4246-b377-080eaea38b01,064d8319-41cd-4981-9fff-d37ab0a8fa0c,0a2006a9-9f2a-4246-b377-080eaea38b01
0a2006a9-9f2a-4246-b377-080eaea38b01,2e560dc0-6656-4e46-b7bd-39cf01393a0d,0a2006a9-9f2a-4246-b377-080eaea38b01
0a2006a9-9f2a-4246-b377-080eaea38b01,9e12ec13-abf7-4891-afde-3c1a4a038323,0a2006a9-9f2a-4246-b377-080eaea38b01
0a2006a9-9f2a-4246-b377-080eaea38b01,10a0ee30-1ed4-4cc5-b535-91f6ba001bad,0a2006a9-9f2a-4246-b377-080eaea38b01
0a2006a9-9f2a-4246-b377-080eaea38b01,b419f144-4e7f-4316-bb1a-72a7f5dad7bc,0a2006a9-9f2a-4246-b377-080eaea38b01
0a2006a9-9f2a-4246-b377-080eaea38b01,f22a8757-ffbe-4f57-b4c2-d9adc35c1dae,0a2006a9-9f2a-4246-b377-080eaea38b01
0a2006a9-9f2a-4246-b377-080eaea38b01,478e44fa-74e1-42b6-a085-d6851811bf33,0a2006a9-9f2a-4246-b377-080eaea38b01
0a2006a9-9f2a-4246-b377-080eaea38b01,4cb3efdc-760e-4e84-9910-f47e5fa2761c,0a2006a9-9f2a-4246-b377-080eaea38b01
0a2006a9-9f2a-4246-b377-080eaea38b01,83cf454b-7281-4f6d-9d35-ed1bf4cfab4a,0a2006a9-9f2a-4246-b377-080eaea38b01
0a2006a9-9f2a-4246-b377-080eaea38b01,000c470c-31f6-4211-ba4c-462f6bafe6b8,0a2006a9-9f2a-4246-b377-080eaea38b01
0a2006a9-9f2a-4246-b377-080eaea38b01,8d481ca7-43d0-427d-af7f-cdb9b1809d9f,0a2006a9-9f2a-4246-b377-080eaea38b01
0a2006a9-9f2a-4246-b377-080eaea38b01,7bd9658d-b131-40ff-ad81-33962e1d5c7f,0a2006a9-9f2a-4246-b377-080eaea38b01
0a2006a9-9f2a-4246-b377-080eaea38b01,1af6f8cc-e723-4bed-933b-f12a2a0719cb,0a2006a9-9f2a-4246-b377-080eaea38b01
0a2006a9-9f2a-4246-b377-080eaea38b01,86be3ece-df1d-414a-b9af-2f1a6002e292,0a2006a9-9f2a-4246-b377-080eaea38b01
0a2006a9-9f2a-4246-b377-080eaea38b01,62d31307-a3fd-4744-a4db-a28ebb181961,0a2006a9-9f2a-4246-b377-080eaea38b01
0a2006a9-9f2a-4246-b377-080eaea38b01,2259fe7a-a32e-4602-86d3-e61c25d71376,0a2006a9-9f2a-4246-b377-080eaea38b01
0a2006a9-9f2a-4246-b377-080eaea38b01,596cff48-6015-4e65-b192-289ca08f83ae,0a2006a9-9f2a-4246-b377-080eaea38b01
0a2006a9-9f2a-4246-b377-080eaea38b01,532a396c-fc6f-41bf-a591-bcf3f5bfc721,0a2006a9-9f2a-4246-b377-080eaea38b01
0a2006a9-9f2a-4246-b377-080eaea38b01,8bdc0950-7076-41d1-939b-717196568c3a,0a2006a9-9f2a-4246-b377-080eaea38b01
0a2006a9-9f2a-4246-b377-080eaea38b01,9455c062-bcbc-456e-893c-8de7ccc41b10,0a2006a9-9f2a-4246-b377-080eaea38b01
0a2006a9-9f2a-4246-b377-080eaea38b01,ff64010c-808b-4701-86d2-9238ec2033f4,0a2006a9-9f2a-4246-b377-080eaea38b01
0a2006a9-9f2a-4246-b377-080eaea38b01,dfc84b31-bcc5-4066-ac8f-c6deb6cbf4ad,0a2006a9-9f2a-4246-b377-080eaea38b01
0a2006a9-9f2a-4246-b377-080eaea38b01,d0603042-c463-4eca-a369-7bf48b247fd0,0a2006a9-9f2a-4246-b377-080eaea38b01
0a2006a9-9f2a-4246-b377-080eaea38b01,7e4f4646-a168-4fe9-8cbe-2fa96249e9fa,0a2006a9-9f2a-4246-b377-080eaea38b01
0a2006a9-9f2a-4246-b377-080eaea38b01,c273bff4-6275-47a8-8d2f-e9eb67ab3cb7,0a2006a9-9f2a-4246-b377-080eaea38b01
0a2006a9-9f2a-4246-b377-080eaea38b01,0e2b6a08-6426-4a87-8188-eec73509a46c,0a2006a9-9f2a-4246-b377-080eaea38b01
0a2006a9-9f2a-4246-b377-080eaea38b01,f7185bd6-96e3-4d75-9ce6-463a85131920,0a2006a9-9f2a-4246-b377-080eaea38b01
0a2006a9-9f2a-4246-b377-080eaea38b01,0ad49a97-dc86-4afe-ba67-3d72180fcc2f,0a2006a9-9f2a-4246-b377-080eaea38b01
0a2006a9-9f2a-4246-b377-080eaea38b01,f7ab9ccb-21be-4e5d-9c0a-b171feab4bcb,0a2006a9-9f2a-4246-b377-080eaea38b01
0a2006a9-9f2a-4246-b377-080eaea38b01,a4e9f07a-0d94-4e4e-84da-425b90d5be57,0a2006a9-9f2a-4246-b377-080eaea38b01
0a2006a9-9f2a-4246-b377-080eaea38b01,60d28d66-4b73-432d-9e79-28f079b41ab5,0a2006a9-9f2a-4246-b377-080eaea38b01
0a2006a9-9f2a-4246-b377-080eaea38b01,bb3a5895-b374-42a5-b1b7-691a8f05cb67,0a2006a9-9f2a-4246-b377-080eaea38b01
0a2006a9-9f2a-4246-b377-080eaea38b01,c3909749-13f8-4a49-a1ba-e3a7d2f2b8c2,0a2006a9-9f2a-4246-b377-080eaea38b01
0a2006a9-9f2a-4246-b377-080eaea38b01,27c274d8-36d4-4e8d-bffb-b21afdf41d94,0a2006a9-9f2a-4246-b377-080eaea38b01
0a2006a9-9f2a-4246-b377-080eaea38b01,b5de4bde-c378-4d2d-aaf7-ce9f03260e1a,0a2006a9-9f2a-4246-b377-080eaea38b01
0a2006a9-9f2a-4246-b377-080eaea38b01,84724e1e-b3f1-4687-ae68-f5c990d97452,0a2006a9-9f2a-4246-b377-080eaea38b01
0a2006a9-9f2a-4246-b377-080eaea38b01,d4ee11ae-724a-4dcf-9aaf-20b19c4fca7d,0a2006a9-9f2a-4246-b377-080eaea38b01
0a2006a9-9f2a-4246-b377-080eaea38b01,e8aee678-f252-4c3b-8302-92d9e7ea1003,0a2006a9-9f2a-4246-b377-080eaea38b01
0a2006a9-9f2a-4246-b377-080eaea38b01,2648d5c8-f39a-4814-a17d-b2c5dbc4d499,0a2006a9-9f2a-4246-b377-080eaea38b01
0a2006a9-9f2a-4246-b377-080eaea38b01,e01f7351-b598-4757-b339-8d8eb6e2bbac,0a2006a9-9f2a-4246-b377-080eaea38b01
0a2006a9-9f2a-4246-b377-080eaea38b01,e7a891e8-996a-4589-887f-eebdfdec1590,0a2006a9-9f2a-4246-b377-080eaea38b01
0a2006a9-9f2a-4246-b377-080eaea38b01,8f466f90-8521-4916-80ea-5de9b45b3614,0a2006a9-9f2a-4246-b377-080eaea38b01
0a2006a9-9f2a-4246-b377-080eaea38b01,3b915168-0a0c-4752-ae39-bfa7d1f2e106,0a2006a9-9f2a-4246-b377-080eaea38b01
0a2006a9-9f2a-4246-b377-080eaea38b01,fb839490-e677-44e2-8034-bb3a8fd3f37f,0a2006a9-9f2a-4246-b377-080eaea38b01
0a2006a9-9f2a-4246-b377-080eaea38b01,285c2191-d91f-4267-97de-e240552b22b0,0a2006a9-9f2a-4246-b377-080eaea38b01
0a2006a9-9f2a-4246-b377-080eaea38b01,204ccba1-7288-41c7-8b02-1d437dd1a313,0a2006a9-9f2a-4246-b377-080eaea38b01
0a2006a9-9f2a-4246-b377-080eaea38b01,b6c5711f-09ce-40cc-b622-b36ce0e14a8a,0a2006a9-9f2a-4246-b377-080eaea38b01
0a2006a9-9f2a-4246-b377-080eaea38b01,c145bd3c-6646-4ca7-9bef-25c2b739213c,0a2006a9-9f2a-4246-b377-080eaea38b01
0a2006a9-9f2a-4246-b377-080eaea38b01,a5b14ced-4f5a-4e67-88ef-411291befc9d,0a2006a9-9f2a-4246-b377-080eaea38b01
0a2006a9-9f2a-4246-b377-080eaea38b01,70bb4bf3-9fd4-4bda-a827-32922369fef7,0a2006a9-9f2a-4246-b377-080eaea38b01
0a2006a9-9f2a-4246-b377-080eaea38b01,a22b7af6-2ba0-4216-b4c4-ca4afa27c6d3,0a2006a9-9f2a-4246-b377-080eaea38b01
0a2006a9-9f2a-4246-b377-080eaea38b01,8e30eea2-9dca-40df-97e2-92d7da3ce903,0a2006a9-9f2a-4246-b377-080eaea38b01
0a2006a9-9f2a-4246-b377-080eaea38b01,329498fc-05d4-4c5f-951d-e924ea914f44,0a2006a9-9f2a-4246-b377-080eaea38b01
0a2006a9-9f2a-4246-b377-080eaea38b01,bb6de25b-309c-4e3e-a8b5-2496564a999c,0a2006a9-9f2a-4246-b377-080eaea38b01
0a2006a9-9f2a-4246-b377-080eaea38b01,5071a0a2-47a5-4133-80cc-f48cfa3c3a26,0a2006a9-9f2a-4246-b377-080eaea38b01
0a2006a9-9f2a-4246-b377-080eaea38b01,09163fb7-4b99-482e-a6f1-22fe594ffb1c,0a2006a9-9f2a-4246-b377-080eaea38b01
0a2006a9-9f2a-4246-b377-080eaea38b01,731fe3cb-ab5a-4eeb-a6f6-d41c8f94e8f8,0a2006a9-9f2a-4246-b377-080eaea38b01
0a2006a9-9f2a-4246-b377-080eaea38b01,9f92d3db-ec56-4a40-8ed3-5af25a7775e9,0a2006a9-9f2a-4246-b377-080eaea38b01
0a2006a9-9f2a-4246-b377-080eaea38b01,f8a6aee3-b436-478e-a11e-66cd545ff465,0a2006a9-9f2a-4246-b377-080eaea38b01
0a2006a9-9f2a-4246-b377-080eaea38b01,e67332e7-1386-45ee-ae0f-bc402e5858c3,0a2006a9-9f2a-4246-b377-080eaea38b01
0a2006a9-9f2a-4246-b377-080eaea38b01,036c9ac0-98db-404c-bb26-186a7dfe9159,0a2006a9-9f2a-4246-b377-080eaea38b01
0a2006a9-9f2a-4246-b377-080eaea38b01,9fdce6fe-c800-435b-bec2-97eaa2d47c21,0a2006a9-9f2a-4246-b377-080eaea38b01
0a2006a9-9f2a-4246-b377-080eaea38b01,e4ff9df9-d179-4208-8112-72fc54bfb01e,0a2006a9-9f2a-4246-b377-080eaea38b01
0a2006a9-9f2a-4246-b377-080eaea38b01,f02186fb-3fde-48ac-87ae-fa2429f1c0df,0a2006a9-9f2a-4246-b377-080eaea38b01
0a2006a9-9f2a-4246-b377-080eaea38b01,b5907bbb-fc3b-4c6f-9905-6352968af0d6,0a2006a9-9f2a-4246-b377-080eaea38b01
0a2006a9-9f2a-4246-b377-080eaea38b01,ff334165-32d0-455c-9ae2-fdcc6a29e731,0a2006a9-9f2a-4246-b377-080eaea38b01
0a2006a9-9f2a-4246-b377-080eaea38b01,c89098fc-4eab-47d5-b5a5-357d011a43cb,0a2006a9-9f2a-4246-b377-080eaea38b01
0a2006a9-9f2a-4246-b377-080eaea38b01,b5e96b49-d557-42f7-be37-659877e857fe,0a2006a9-9f2a-4246-b377-080eaea38b01
0a2006a9-9f2a-4246-b377-080eaea38b01,6e491c83-afae-4abb-9972-031f9b6ab10d,0a2006a9-9f2a-4246-b377-080eaea38b01
0a2006a9-9f2a-4246-b377-080eaea38b01,58951b76-b83e-4ffe-8028-91bf35f83274,0a2006a9-9f2a-4246-b377-080eaea38b01
0a2006a9-9f2a-4246-b377-080eaea38b01,9e206621-ea43-428b-b8e9-92a056404421,0a2006a9-9f2a-4246-b377-080eaea38b01
0a2006a9-9f2a-4246-b377-080eaea38b01,07bbcf1b-605e-4b61-afd8-a5411d0e2c39,0a2006a9-9f2a-4246-b377-080eaea38b01
0a2006a9-9f2a-4246-b377-080eaea38b01,a576c2e2-a117-4817-85ac-eccce1b612aa,0a2006a9-9f2a-4246-b377-080eaea38b01
0a2006a9-9f2a-4246-b377-080eaea38b01,a533cd2b-222d-4529-936b-a3bffc511978,0a2006a9-9f2a-4246-b377-080eaea38b01
0a2006a9-9f2a-4246-b377-080eaea38b01,989e1cb6-41ac-49d4-a5f0-fd133634e853,0a2006a9-9f2a-4246-b377-080eaea38b01
0a2006a9-9f2a-4246-b377-080eaea38b01,46d9f82b-f2f8-447b-a09b-41f22eff2de5,0a2006a9-9f2a-4246-b377-080eaea38b01
0a2006a9-9f2a-4246-b377-080eaea38b01,0cfb8f7d-89b8-4aef-8b9b-469380ac28bb,0a2006a9-9f2a-4246-b377-080eaea38b01
0a2006a9-9f2a-4246-b377-080eaea38b01,2a7b7126-2966-467d-a7b5-ee01af54de8b,0a2006a9-9f2a-4246-b377-080eaea38b01
0a2006a9-9f2a-4246-b377-080eaea38b01,b464c064-58a5-4fb0-809b-e5b5ac85f1a0,0a2006a9-9f2a-4246-b377-080eaea38b01
0a2006a9-9f2a-4246-b377-080eaea38b01,37df326a-5a76-446b-b68f-52e65b015216,0a2006a9-9f2a-4246-b377-080eaea38b01
0a2006a9-9f2a-4246-b377-080eaea38b01,345691a1-7941-4e17-9616-dd5eed0ce0a8,0a2006a9-9f2a-4246-b377-080eaea38b01
0a2006a9-9f2a-4246-b377-080eaea38b01,ed5774ea-390f-4226-8bde-cf344273c7f7,0a2006a9-9f2a-4246-b377-080eaea38b01
0a2006a9-9f2a-4246-b377-080eaea38b01,3fcb3720-a2db-4d9a-bd4b-4797d7e39eb4,0a2006a9-9f2a-4246-b377-080eaea38b01
0a2006a9-9f2a-4246-b377-080eaea38b01,1a06ffd0-527d-49e8-9ecd-07735158fd56,0a2006a9-9f2a-4246-b377-080eaea38b01
0a2006a9-9f2a-4246-b377-080eaea38b01,5a61cf87-b78d-419b-856a-f0703b1cc1bb,0a2006a9-9f2a-4246-b377-080eaea38b01
0a2006a9-9f2a-4246-b377-080eaea38b01,9b358c8c-618d-4f0e-aedb-952c1f2097cb,0a2006a9-9f2a-4246-b377-080eaea38b01
0a2006a9-9f2a-4246-b377-080eaea38b01,8912c942-258b-49dc-b48c-5b1b8c44ae2a,0a2006a9-9f2a-4246-b377-080eaea38b01
0a2006a9-9f2a-4246-b377-080eaea38b01,2fea4ddd-6fc6-435c-b978-1ff1f8fa1d0e,0a2006a9-9f2a-4246-b377-080eaea38b01
0a2006a9-9f2a-4246-b377-080eaea38b01,7613570e-aebc-403c-adde-46d214a82180,0a2006a9-9f2a-4246-b377-080eaea38b01
0a2006a9-9f2a-4246-b377-080eaea38b01,71aafc76-5108-46e9-8ee9-441375aee6b1,0a2006a9-9f2a-4246-b377-080eaea38b01
0a2006a9-9f2a-4246-b377-080eaea38b01,1d3009c1-092d-42e9-aa30-65f6b3dab287,0a2006a9-9f2a-4246-b377-080eaea38b01
0a2006a9-9f2a-4246-b377-080eaea38b01,0c75a978-a7c1-4437-b9bf-62683363f785,0a2006a9-9f2a-4246-b377-080eaea38b01
0a2006a9-9f2a-4246-b377-080eaea38b01,d6a922a3-7c23-4f0f-a770-108d879519f7,0a2006a9-9f2a-4246-b377-080eaea38b01
0a2006a9-9f2a-4246-b377-080eaea38b01,194f3ac1-31bf-47c3-900b-e414f310b487,0a2006a9-9f2a-4246-b377-080eaea38b01
0a2006a9-9f2a-4246-b377-080eaea38b01,59959bf8-11de-4818-9004-e2de9e499f31,0a2006a9-9f2a-4246-b377-080eaea38b01
0a2006a9-9f2a-4246-b377-080eaea38b01,455f1766-baca-4003-9b7c-a39c74404dad,0a2006a9-9f2a-4246-b377-080eaea38b01
0a2006a9-9f2a-4246-b377-080eaea38b01,69bcb381-ff72-4f81-8164-378676403c46,0a2006a9-9f2a-4246-b377-080eaea38b01
0a2006a9-9f2a-4246-b377-080eaea38b01,fc505b74-28dd-4437-b10d-1bb9754b42cd,0a2006a9-9f2a-4246-b377-080eaea38b01
0a2006a9-9f2a-4246-b377-080eaea38b01,2937405b-1805-4331-821a-97e7baf2ac1d,0a2006a9-9f2a-4246-b377-080eaea38b01
0a2006a9-9f2a-4246-b377-080eaea38b01,6f2f22db-4032-450d-be6c-0d7fb8c0eec2,0a2006a9-9f2a-4246-b377-080eaea38b01
0a2006a9-9f2a-4246-b377-080eaea38b01,7f3249af-1ba6-4dce-90a4-37d5aaebc713,0a2006a9-9f2a-4246-b377-080eaea38b01
0a2006a9-9f2a-4246-b377-080eaea38b01,3efe0f18-4a07-46ef-b594-98363b3c2ed8,0a2006a9-9f2a-4246-b377-080eaea38b01
0a2006a9-9f2a-4246-b377-080eaea38b01,e251c6b1-83a7-4664-a3e0-c8baa29cf26f,0a2006a9-9f2a-4246-b377-080eaea38b01
0a2006a9-9f2a-4246-b377-080eaea38b01,df9da910-d7af-4acf-b44e-858ad8f06bf7,0a2006a9-9f2a-4246-b377-080eaea38b01
0a2006a9-9f2a-4246-b377-080eaea38b01,5613150b-f2ab-4f42-b5ca-d793707deea7,0a2006a9-9f2a-4246-b377-080eaea38b01
0a2006a9-9f2a-4246-b377-080eaea38b01,4e3766e8-1ea7-4587-abe6-6322c8e5ab33,0a2006a9-9f2a-4246-b377-080eaea38b01
0a2006a9-9f2a-4246-b377-080eaea38b01,e224525c-874f-4b7d-9560-1211d234a80f,0a2006a9-9f2a-4246-b377-080eaea38b01
0a2006a9-9f2a-4246-b377-080eaea38b01,d25e9c5f-91be-4441-b0ce-66201920c701,0a2006a9-9f2a-4246-b377-080eaea38b01
0a2006a9-9f2a-4246-b377-080eaea38b01,985991fb-45b5-48f9-b380-4b9453229796,0a2006a9-9f2a-4246-b377-080eaea38b01
0a2006a9-9f2a-4246-b377-080eaea38b01,d68ff09c-f67f-4e7c-924f-eb4f4e0b64c3,0a2006a9-9f2a-4246-b377-080eaea38b01
0a2006a9-9f2a-4246-b377-080eaea38b01,90679c05-36aa-4735-b464-1ae3d2f85911,0a2006a9-9f2a-4246-b377-080eaea38b01
0a2006a9-9f2a-4246-b377-080eaea38b01,8a2cba4c-f8fa-490a-a256-97e6fdfd1436,0a2006a9-9f2a-4246-b377-080eaea38b01
0a2006a9-9f2a-4246-b377-080eaea38b01,4293bb6f-67ff-409a-9e0b-dd6dcb7792f1,0a2006a9-9f2a-4246-b377-080eaea38b01
0a2006a9-9f2a-4246-b377-080eaea38b01,84ecadd1-1a47-4c78-bbf3-2c0611821ad1,0a2006a9-9f2a-4246-b377-080eaea38b01
0a2006a9-9f2a-4246-b377-080eaea38b01,aa0a1ee5-10a0-4ca4-a877-0b82defb7250,0a2006a9-9f2a-4246-b377-080eaea38b01
0a2006a9-9f2a-4246-b377-080eaea38b01,550d973a-6063-4f44-96b3-9f2d03b5444d,0a2006a9-9f2a-4246-b377-080eaea38b01
0a2006a9-9f2a-4246-b377-080eaea38b01,a87ea6b5-923a-4c93-8ecb-cead2976ab75,0a2006a9-9f2a-4246-b377-080eaea38b01
0a2006a9-9f2a-4246-b377-080eaea38b01,1323df0a-b132-453c-9444-c8a30df2db5d,0a2006a9-9f2a-4246-b377-080eaea38b01
0a2006a9-9f2a-4246-b377-080eaea38b01,536ad53d-09d8-4ced-9054-3d2cd4da9ccd,0a2006a9-9f2a-4246-b377-080eaea38b01
0a2006a9-9f2a-4246-b377-080eaea38b01,a624130c-9a41-4e67-a3f1-1daea715ba41,0a2006a9-9f2a-4246-b377-080eaea38b01
0a2006a9-9f2a-4246-b377-080eaea38b01,b7c2785a-53a7-4009-aa74-5e89ff8c6d87,0a2006a9-9f2a-4246-b377-080eaea38b01
0a2006a9-9f2a-4246-b377-080eaea38b01,963e142c-cc65-4792-86cf-c9ce3c8bf0f4,0a2006a9-9f2a-4246-b377-080eaea38b01
0a2006a9-9f2a-4246-b377-080eaea38b01,673bd855-c37b-4568-bc39-e717926544d3,0a2006a9-9f2a-4246-b377-080eaea38b01
0a2006a9-9f2a-4246-b377-080eaea38b01,97bd46a6-22f9-417c-83ae-6c44a2f23625,0a2006a9-9f2a-4246-b377-080eaea38b01
0a2006a9-9f2a-4246-b377-080eaea38b01,961a22c8-3dad-4ef0-892f-45db2f177123,0a2006a9-9f2a-4246-b377-080eaea38b01
0a2006a9-9f2a-4246-b377-080eaea38b01,9a5bb10d-a61a-4b20-acc5-2b4a889028ac,0a2006a9-9f2a-4246-b377-080eaea38b01
0a2006a9-9f2a-4246-b377-080eaea38b01,965a533f-be73-47b5-ab34-d57343a6629e,0a2006a9-9f2a-4246-b377-080eaea38b01
0a2006a9-9f2a-4246-b377-080eaea38b01,3472447b-d2f4-4bab-a245-ab4ec13dae1e,0a2006a9-9f2a-4246-b377-080eaea38b01
0a2006a9-9f2a-4246-b377-080eaea38b01,7ad2ba18-371c-4562-b233-7d06f5c6c6b5,0a2006a9-9f2a-4246-b377-080eaea38b01
0a2006a9-9f2a-4246-b377-080eaea38b01,90d18ea8-3d11-4b9e-a84e-882698d265db,0a2006a9-9f2a-4246-b377-080eaea38b01
0a2006a9-9f2a-4246-b377-080eaea38b01,260dc1a9-df6b-4b2d-bab1-8a24323d9698,0a2006a9-9f2a-4246-b377-080eaea38b01
0a2006a9-9f2a-4246-b377-080eaea38b01,20523226-0b8d-43e6-845d-032e921be12a,0a2006a9-9f2a-4246-b377-080eaea38b01
0a2006a9-9f2a-4246-b377-080eaea38b01,e0adef8d-17be-45e1-acbf-28be08cb5ff4,0a2006a9-9f2a-4246-b377-080eaea38b01
0a2006a9-9f2a-4246-b377-080eaea38b01,d5cff2fa-dd3b-4674-9350-e7b66335de5a,0a2006a9-9f2a-4246-b377-080eaea38b01
0a2006a9-9f2a-4246-b377-080eaea38b01,a923810d-9c8e-471e-bc1c-f45719f03240,0a2006a9-9f2a-4246-b377-080eaea38b01
0a2006a9-9f2a-4246-b377-080eaea38b01,f520bc65-564a-415c-9cb2-21fa6d72f540,0a2006a9-9f2a-4246-b377-080eaea38b01
0a2006a9-9f2a-4246-b377-080eaea38b01,fb8b0a6f-418c-4b92-881c-68ed0ec43d88,0a2006a9-9f2a-4246-b377-080eaea38b01
0a2006a9-9f2a-4246-b377-080eaea38b01,8169681b-f765-47c4-b47b-b2e17a503ade,0a2006a9-9f2a-4246-b377-080eaea38b01
0a2006a9-9f2a-4246-b377-080eaea38b01,50fc27e3-cc38-4fab-8679-a3f9fddab15f,0a2006a9-9f2a-4246-b377-080eaea38b01
0a2006a9-9f2a-4246-b377-080eaea38b01,ab9a714d-26e9-492f-bd04-f054c8a06ee4,0a2006a9-9f2a-4246-b377-080eaea38b01
0a2006a9-9f2a-4246-b377-080eaea38b01,6ba0fe77-4a29-4bdb-9434-e1d9817d4a83,0a2006a9-9f2a-4246-b377-080eaea38b01
0a2006a9-9f2a-4246-b377-080eaea38b01,f42352c8-6d9a-42f9-a1ce-fc6b716872ad,0a2006a9-9f2a-4246-b377-080eaea38b01
0a2006a9-9f2a-4246-b377-080eaea38b01,09ff67d7-7d89-4a70-84be-4b78fb8c22a1,0a2006a9-9f2a-4246-b377-080eaea38b01
0a2006a9-9f2a-4246-b377-080eaea38b01,29a22bdb-433f-4a1b-9e58-11101f17bdfa,0a2006a9-9f2a-4246-b377-080eaea38b01
0a2006a9-9f2a-4246-b377-080eaea38b01,3a2cab8a-eb1e-4e7f-a786-92e14d784d40,0a2006a9-9f2a-4246-b377-080eaea38b01
0a2006a9-9f2a-4246-b377-080eaea38b01,8974f87e-6bcc-4ffb-adaf-257b4b77bf3c,0a2006a9-9f2a-4246-b377-080eaea38b01
0a2006a9-9f2a-4246-b377-080eaea38b01,00022845-aad9-4f77-be85-6f5a604c5ca0,0a2006a9-9f2a-4246-b377-080eaea38b01
0a2006a9-9f2a-4246-b377-080eaea38b01,84f87e5e-ba50-41cd-9480-541b5d29b79b,0a2006a9-9f2a-4246-b377-080eaea38b01
0a2006a9-9f2a-4246-b377-080eaea38b01,65bb81a9-b880-4857-8d5c-d215ca43e17d,0a2006a9-9f2a-4246-b377-080eaea38b01
0a2006a9-9f2a-4246-b377-080eaea38b01,94a09575-6df3-4fd1-9212-c2987fb916ac,0a2006a9-9f2a-4246-b377-080eaea38b01
0a2006a9-9f2a-4246-b377-080eaea38b01,9e2f53f5-5360-4a18-9df9-c0f5b78cca76,0a2006a9-9f2a-4246-b377-080eaea38b01
0a2006a9-9f2a-4246-b377-080eaea38b01,17460625-eea2-4ce9-b6c0-8675df346225,0a2006a9-9f2a-4246-b377-080eaea38b01
0a2006a9-9f2a-4246-b377-080eaea38b01,e8e4d302-2409-4a1a-81d8-b6bcff088412,0a2006a9-9f2a-4246-b377-080eaea38b01
0a2006a9-9f2a-4246-b377-080eaea38b01,0ad41fbc-1dd9-4b47-aaef-0b8159d648a3,0a2006a9-9f2a-4246-b377-080eaea38b01
0a2006a9-9f2a-4246-b377-080eaea38b01,5e65d71c-8d22-46b0-bf98-a13661a6de7e,0a2006a9-9f2a-4246-b377-080eaea38b01
0a2006a9-9f2a-4246-b377-080eaea38b01,541b3f4d-ce68-4596-8069-d4642eae0e57,0a2006a9-9f2a-4246-b377-080eaea38b01
0a2006a9-9f2a-4246-b377-080eaea38b01,677fe034-1b85-4f09-a845-5f2b4c9c1347,0a2006a9-9f2a-4246-b377-080eaea38b01
0a2006a9-9f2a-4246-b377-080eaea38b01,f96cc38c-8ef8-4879-818c-e14cc216bb4e,0a2006a9-9f2a-4246-b377-080eaea38b01
0a2006a9-9f2a-4246-b377-080eaea38b01,c11a8618-f635-468e-a273-692fccb9b5cc,0a2006a9-9f2a-4246-b377-080eaea38b01
0a2006a9-9f2a-4246-b377-080eaea38b01,2778a4d8-bbf9-40e9-9512-329e90510706,0a2006a9-9f2a-4246-b377-080eaea38b01
0a2006a9-9f2a-4246-b377-080eaea38b01,1d9195f8-28c9-4c18-8ffe-de7ec1119fdb,0a2006a9-9f2a-4246-b377-080eaea38b01
0a2006a9-9f2a-4246-b377-080eaea38b01,ed19cd1b-9f38-47eb-8d5a-b63370081dd5,0a2006a9-9f2a-4246-b377-080eaea38b01
0a2006a9-9f2a-4246-b377-080eaea38b01,80a2cc4a-9fec-4c9d-93dd-4735cb691051,0a2006a9-9f2a-4246-b377-080eaea38b01
0a2006a9-9f2a-4246-b377-080eaea38b01,e086f1e4-6ceb-4a6a-92f9-b5f1a0728da4,0a2006a9-9f2a-4246-b377-080eaea38b01
0a2006a9-9f2a-4246-b377-080eaea38b01,ec850af7-f203-4571-aa27-1163b5d20d0e,0a2006a9-9f2a-4246-b377-080eaea38b01
0a2006a9-9f2a-4246-b377-080eaea38b01,942641a2-51de-4ec4-9d72-1010c4d5fe09,0a2006a9-9f2a-4246-b377-080eaea38b01
0a2006a9-9f2a-4246-b377-080eaea38b01,d09960e8-2482-4dc6-81a8-04b114900126,0a2006a9-9f2a-4246-b377-080eaea38b01
0a2006a9-9f2a-4246-b377-080eaea38b01,f95465c0-2d98-4332-9b08-bbfa79641db7,0a2006a9-9f2a-4246-b377-080eaea38b01
0a2006a9-9f2a-4246-b377-080eaea38b01,05c0b7ce-008d-4457-a98f-e6026eb919d2,0a2006a9-9f2a-4246-b377-080eaea38b01
0a2006a9-9f2a-4246-b377-080eaea38b01,42a217b8-b676-451f-b811-c16accc6c401,0a2006a9-9f2a-4246-b377-080eaea38b01
0a2006a9-9f2a-4246-b377-080eaea38b01,1e02cfb7-7300-4182-b3f7-3ca9bcc36a47,0a2006a9-9f2a-4246-b377-080eaea38b01
0a2006a9-9f2a-4246-b377-080eaea38b01,a2ec5f98-3bb2-41b9-946e-86de113057b8,0a2006a9-9f2a-4246-b377-080eaea38b01
0a2006a9-9f2a-4246-b377-080eaea38b01,295b85ad-8a68-4111-bbf2-0b2001155593,0a2006a9-9f2a-4246-b377-080eaea38b01
0a2006a9-9f2a-4246-b377-080eaea38b01,71f9e81a-116e-445d-b034-28e64959a9b8,0a2006a9-9f2a-4246-b377-080eaea38b01
0a2006a9-9f2a-4246-b377-080eaea38b01,3588da58-510e-46d0-9c9a-1eabe22e011d,0a2006a9-9f2a-4246-b377-080eaea38b01
0a2006a9-9f2a-4246-b377-080eaea38b01,0a8c7f08-cc51-41a9-8f18-0acc827c3ead,0a2006a9-9f2a-4246-b377-080eaea38b01
0a2006a9-9f2a-4246-b377-080eaea38b01,7cdf579c-fca0-426c-a631-02fa298ee3fe,0a2006a9-9f2a-4246-b377-080eaea38b01
0a2006a9-9f2a-4246-b377-080eaea38b01,cacece20-09ee-4a50-819c-805e8eeec467,0a2006a9-9f2a-4246-b377-080eaea38b01
0a2006a9-9f2a-4246-b377-080eaea38b01,374d8b2a-f457-4038-a29f-5c1bd902a38f,0a2006a9-9f2a-4246-b377-080eaea38b01
0a2006a9-9f2a-4246-b377-080eaea38b01,61b2efa1-d2e2-4e14-95a0-fa8ff6f3003d,0a2006a9-9f2a-4246-b377-080eaea38b01
0a2006a9-9f2a-4246-b377-080eaea38b01,17d75528-1cd3-4dad-8a94-a52bdaddc497,0a2006a9-9f2a-4246-b377-080eaea38b01
0a2006a9-9f2a-4246-b377-080eaea38b01,36680262-08c3-4f34-a993-86ec84381442,0a2006a9-9f2a-4246-b377-080eaea38b01
0a2006a9-9f2a-4246-b377-080eaea38b01,0c74e0ba-c076-4d94-9cde-04d6a31eac46,0a2006a9-9f2a-4246-b377-080eaea38b01
0a2006a9-9f2a-4246-b377-080eaea38b01,5035ca2a-f0fd-42e2-98ae-3e55c094a65d,0a2006a9-9f2a-4246-b377-080eaea38b01
0a2006a9-9f2a-4246-b377-080eaea38b01,ecd1f17c-0b0e-4400-91cd-0444fef877b6,0a2006a9-9f2a-4246-b377-080eaea38b01
0a2006a9-9f2a-4246-b377-080eaea38b01,0d8b74d3-493f-45d6-8ebc-3a86e1ec0ef5,0a2006a9-9f2a-4246-b377-080eaea38b01
0a2006a9-9f2a-4246-b377-080eaea38b01,fcf86b25-9adc-4613-8067-eb5d9b428c7b,0a2006a9-9f2a-4246-b377-080eaea38b01
0a2006a9-9f2a-4246-b377-080eaea38b01,a7666c68-33ae-4dcf-9126-3da8501135d2,0a2006a9-9f2a-4246-b377-080eaea38b01
0a2006a9-9f2a-4246-b377-080eaea38b01,a8bb0548-fc4e-4070-a254-fb283fa50b5f,0a2006a9-9f2a-4246-b377-080eaea38b01
0a2006a9-9f2a-4246-b377-080eaea38b01,874fcb3d-955e-49b5-9cdb-fc47f23187c5,0a2006a9-9f2a-4246-b377-080eaea38b01
0a2006a9-9f2a-4246-b377-080eaea38b01,d4aec54d-112d-4d16-bd41-d4aa16ab42ec,0a2006a9-9f2a-4246-b377-080eaea38b01
0a2006a9-9f2a-4246-b377-080eaea38b01,9657178c-bb5a-4ed9-aa00-3016b7fe329c,0a2006a9-9f2a-4246-b377-080eaea38b01
0a2006a9-9f2a-4246-b377-080eaea38b01,d16497d9-bcff-49bd-af7b-7ace249eb775,0a2006a9-9f2a-4246-b377-080eaea38b01
0a2006a9-9f2a-4246-b377-080eaea38b01,fb66c39c-0fdb-40ff-9736-ba6df260c296,0a2006a9-9f2a-4246-b377-080eaea38b01
0a2006a9-9f2a-4246-b377-080eaea38b01,9ff71732-0011-44c8-90e6-5b25a18df89b,0a2006a9-9f2a-4246-b377-080eaea38b01
0a2006a9-9f2a-4246-b377-080eaea38b01,fc1f5550-f2de-40ca-8091-2f0a8523290e,0a2006a9-9f2a-4246-b377-080eaea38b01
0a2006a9-9f2a-4246-b377-080eaea38b01,74ec21a4-e287-4378-bcb1-68cfeefd844c,0a2006a9-9f2a-4246-b377-080eaea38b01
0a2006a9-9f2a-4246-b377-080eaea38b01,659c7a83-cb36-4844-88d2-7d9afeeee2cb,0a2006a9-9f2a-4246-b377-080eaea38b01
0a2006a9-9f2a-4246-b377-080eaea38b01,68aeebed-682f-4f84-8264-57a3f32d45fa,0a2006a9-9f2a-4246-b377-080eaea38b01
0a2006a9-9f2a-4246-b377-080eaea38b01,680e93f1-352c-4601-95c4-ad88d001d03a,0a2006a9-9f2a-4246-b377-080eaea38b01
0a2006a9-9f2a-4246-b377-080eaea38b01,47472d1c-856d-40ec-8fe4-033a65e2c38f,0a2006a9-9f2a-4246-b377-080eaea38b01
0a2006a9-9f2a-4246-b377-080eaea38b01,a4cda00d-86f5-4bd7-94dd-4a177accb1fe,0a2006a9-9f2a-4246-b377-080eaea38b01
0a2006a9-9f2a-4246-b377-080eaea38b01,a183441e-41e9-49cf-9de2-e0785d1a3cb7,0a2006a9-9f2a-4246-b377-080eaea38b01
0a2006a9-9f2a-4246-b377-080eaea38b01,10f60da5-e4da-48ae-a084-b3102c74a7da,0a2006a9-9f2a-4246-b377-080eaea38b01
0a2006a9-9f2a-4246-b377-080eaea38b01,4d20a4ea-8be6-4d9c-8be5-49d3e1857187,0a2006a9-9f2a-4246-b377-080eaea38b01
0a2006a9-9f2a-4246-b377-080eaea38b01,e1eafe14-3026-41ee-9be9-31758b306e29,0a2006a9-9f2a-4246-b377-080eaea38b01
0a2006a9-9f2a-4246-b377-080eaea38b01,071eeb1d-b48c-4943-83c5-c7e964305e0a,0a2006a9-9f2a-4246-b377-080eaea38b01
0a2006a9-9f2a-4246-b377-080eaea38b01,5f4da42c-4777-4169-b98c-202341168c9b,0a2006a9-9f2a-4246-b377-080eaea38b01
0a2006a9-9f2a-4246-b377-080eaea38b01,fd8ec7fe-40f3-4f68-8323-c353442b0bdc,0a2006a9-9f2a-4246-b377-080eaea38b01
0a2006a9-9f2a-4246-b377-080eaea38b01,e34ffa08-3256-4e71-b17e-ecba6d559703,0a2006a9-9f2a-4246-b377-080eaea38b01
0a2006a9-9f2a-4246-b377-080eaea38b01,b8a88777-ec6a-415c-b67a-226217171a99,0a2006a9-9f2a-4246-b377-080eaea38b01
0a2006a9-9f2a-4246-b377-080eaea38b01,f02790f7-8e64-4514-a5e8-abfe3135b8a3,0a2006a9-9f2a-4246-b377-080eaea38b01
0a2006a9-9f2a-4246-b377-080eaea38b01,3ba68b8a-a320-4c18-ba7c-28f28e84ee96,0a2006a9-9f2a-4246-b377-080eaea38b01
0a2006a9-9f2a-4246-b377-080eaea38b01,3d82d9ed-d199-43b7-a1f8-b6805adef573,0a2006a9-9f2a-4246-b377-080eaea38b01
0a2006a9-9f2a-4246-b377-080eaea38b01,1c91202a-a368-4c52-a4a2-0192dce26c16,0a2006a9-9f2a-4246-b377-080eaea38b01
0a2006a9-9f2a-4246-b377-080eaea38b01,932c8b9e-3099-4f4e-ad5a-609110596c7f,0a2006a9-9f2a-4246-b377-080eaea38b01
0a2006a9-9f2a-4246-b377-080eaea38b01,532003d2-0f54-44e4-84d3-a9eb0623adda,0a2006a9-9f2a-4246-b377-080eaea38b01
0a2006a9-9f2a-4246-b377-080eaea38b01,bcc39cf9-d248-41e5-951c-dcf098c478eb,0a2006a9-9f2a-4246-b377-080eaea38b01
0a2006a9-9f2a-4246-b377-080eaea38b01,ebd483aa-8be3-4b6d-a435-dd09cecdcd5e,0a2006a9-9f2a-4246-b377-080eaea38b01
0a2006a9-9f2a-4246-b377-080eaea38b01,f021e4f3-dd17-4260-90c3-178fc97209e6,0a2006a9-9f2a-4246-b377-080eaea38b01
0a2006a9-9f2a-4246-b377-080eaea38b01,179511c5-e6f7-4347-af5e-5eaa5590c056,0a2006a9-9f2a-4246-b377-080eaea38b01
0a2006a9-9f2a-4246-b377-080eaea38b01,7c38a45f-ca5a-4dca-97ba-f5dc8a061516,0a2006a9-9f2a-4246-b377-080eaea38b01
0a2006a9-9f2a-4246-b377-080eaea38b01,bc5eba03-0c24-4a0e-a587-4dbfe2eecdf7,0a2006a9-9f2a-4246-b377-080eaea38b01
0a2006a9-9f2a-4246-b377-080eaea38b01,ea63a213-eeca-47bd-b080-6c6f6d759c65,0a2006a9-9f2a-4246-b377-080eaea38b01
0a2006a9-9f2a-4246-b377-080eaea38b01,6cb73165-1de9-440e-bc34-6028498bf303,0a2006a9-9f2a-4246-b377-080eaea38b01
0a2006a9-9f2a-4246-b377-080eaea38b01,68443cd8-40fe-4f68-9950-2e532dd74727,0a2006a9-9f2a-4246-b377-080eaea38b01
0a2006a9-9f2a-4246-b377-080eaea38b01,5547bec2-c085-4213-b649-8aa21393ba92,0a2006a9-9f2a-4246-b377-080eaea38b01
0a2006a9-9f2a-4246-b377-080eaea38b01,5fe50044-8737-48ab-9681-b274e9eb3316,0a2006a9-9f2a-4246-b377-080eaea38b01
0a2006a9-9f2a-4246-b377-080eaea38b01,1cf01aba-feea-446e-afcc-d39df48b57c7,0a2006a9-9f2a-4246-b377-080eaea38b01
0a2006a9-9f2a-4246-b377-080eaea38b01,16e1a88c-74e4-44a6-94e9-cc78e240d2e0,0a2006a9-9f2a-4246-b377-080eaea38b01
0a2006a9-9f2a-4246-b377-080eaea38b01,aab55215-51e9-4fd6-8cd9-6d0595ee4aa0,0a2006a9-9f2a-4246-b377-080eaea38b01
0a2006a9-9f2a-4246-b377-080eaea38b01,e6b359f5-ab22-4f6c-9651-5d7123cf2e83,0a2006a9-9f2a-4246-b377-080eaea38b01
0a2006a9-9f2a-4246-b377-080eaea38b01,3b4ebfa5-988e-44d4-abae-bd80c9afbe8a,0a2006a9-9f2a-4246-b377-080eaea38b01
0a2006a9-9f2a-4246-b377-080eaea38b01,b9f1261b-9343-47a9-a838-ee1b0e001634,0a2006a9-9f2a-4246-b377-080eaea38b01
0a2006a9-9f2a-4246-b377-080eaea38b01,bf1e1699-c37c-4980-b31a-566c4f6ebc31,0a2006a9-9f2a-4246-b377-080eaea38b01
0a2006a9-9f2a-4246-b377-080eaea38b01,40da38f4-ddbd-4b73-9636-b68826386052,0a2006a9-9f2a-4246-b377-080eaea38b01
0a2006a9-9f2a-4246-b377-080eaea38b01,8c7e609a-a4dc-4538-8cc0-7c62b9fbe835,0a2006a9-9f2a-4246-b377-080eaea38b01
0a2006a9-9f2a-4246-b377-080eaea38b01,676464f0-72b6-4df4-a6f9-c41a9e894f9d,0a2006a9-9f2a-4246-b377-080eaea38b01
0a2006a9-9f2a-4246-b377-080eaea38b01,f7fa6df9-def4-4fd3-a072-ce676f821ad4,0a2006a9-9f2a-4246-b377-080eaea38b01
0a2006a9-9f2a-4246-b377-080eaea38b01,385c1065-4a17-4089-9595-3d85aeae32e1,0a2006a9-9f2a-4246-b377-080eaea38b01
0a2006a9-9f2a-4246-b377-080eaea38b01,4c021f8e-65ec-4d21-a9b1-80f322bc0873,0a2006a9-9f2a-4246-b377-080eaea38b01
0a2006a9-9f2a-4246-b377-080eaea38b01,118dad6b-11ef-4451-ae90-f2b386b99c0f,0a2006a9-9f2a-4246-b377-080eaea38b01
0a2006a9-9f2a-4246-b377-080eaea38b01,b486d6b0-892c-4470-a4a9-96dca596f77c,0a2006a9-9f2a-4246-b377-080eaea38b01
0a2006a9-9f2a-4246-b377-080eaea38b01,fd2866d7-7e05-4441-b03e-7cafc971e3c8,0a2006a9-9f2a-4246-b377-080eaea38b01
0a2006a9-9f2a-4246-b377-080eaea38b01,b72710b0-cc9e-402b-aaba-f7f7d54d97b4,0a2006a9-9f2a-4246-b377-080eaea38b01
0a2006a9-9f2a-4246-b377-080eaea38b01,57579412-4a16-4c12-af35-c66f43f1b2bb,0a2006a9-9f2a-4246-b377-080eaea38b01
0a2006a9-9f2a-4246-b377-080eaea38b01,7e8af612-f87a-48b8-a450-68b933d179fe,0a2006a9-9f2a-4246-b377-080eaea38b01
0a2006a9-9f2a-4246-b377-080eaea38b01,5d07dba2-6937-4745-9484-33e14435a8cb,0a2006a9-9f2a-4246-b377-080eaea38b01
0a2006a9-9f2a-4246-b377-080eaea38b01,f91d9a76-1f88-4067-9e71-5de156bb5b01,0a2006a9-9f2a-4246-b377-080eaea38b01
0a2006a9-9f2a-4246-b377-080eaea38b01,86e0830c-6416-4ef5-82bd-78baea4cc6ec,0a2006a9-9f2a-4246-b377-080eaea38b01
0a2006a9-9f2a-4246-b377-080eaea38b01,c972f149-e1d7-4b40-90b5-901205a0c80d,0a2006a9-9f2a-4246-b377-080eaea38b01
0a2006a9-9f2a-4246-b377-080eaea38b01,204ef664-2bf4-46a6-b5b0-5b1b7b862efc,0a2006a9-9f2a-4246-b377-080eaea38b01
0a2006a9-9f2a-4246-b377-080eaea38b01,584ec838-5392-4c6a-9737-71461cc5c9aa,0a2006a9-9f2a-4246-b377-080eaea38b01
0a2006a9-9f2a-4246-b377-080eaea38b01,0c4748bf-055e-47ba-bdd4-fa6df7512650,0a2006a9-9f2a-4246-b377-080eaea38b01
0a2006a9-9f2a-4246-b377-080eaea38b01,fb776a96-5458-41db-8e43-31ad7241ba42,0a2006a9-9f2a-4246-b377-080eaea38b01
0a2006a9-9f2a-4246-b377-080eaea38b01,4d6f0a8f-30c7-459a-bd7e-7888e3eaf0dd,0a2006a9-9f2a-4246-b377-080eaea38b01
0a2006a9-9f2a-4246-b377-080eaea38b01,a87b5441-9a90-4873-a42b-6a836d924497,0a2006a9-9f2a-4246-b377-080eaea38b01
0a2006a9-9f2a-4246-b377-080eaea38b01,e9d274e2-9be9-43aa-8afc-a2a007aace30,0a2006a9-9f2a-4246-b377-080eaea38b01
0a2006a9-9f2a-4246-b377-080eaea38b01,a6a7dcb2-95f8-4196-beef-ed897b3fee68,0a2006a9-9f2a-4246-b377-080eaea38b01
0a2006a9-9f2a-4246-b377-080eaea38b01,6bbe6803-d149-4f72-9b43-4b4fec2c104e,0a2006a9-9f2a-4246-b377-080eaea38b01
0a2006a9-9f2a-4246-b377-080eaea38b01,b290de98-7b54-4982-97aa-fff2ce961252,0a2006a9-9f2a-4246-b377-080eaea38b01
0a2006a9-9f2a-4246-b377-080eaea38b01,b039267b-80dc-469c-a1c9-f00f151c7420,0a2006a9-9f2a-4246-b377-080eaea38b01
0a2006a9-9f2a-4246-b377-080eaea38b01,8abbf4f8-7e45-4021-87d1-7bd334504906,0a2006a9-9f2a-4246-b377-080eaea38b01
0a2006a9-9f2a-4246-b377-080eaea38b01,d114a984-5f0d-4de0-a474-9dfebfcb103f,0a2006a9-9f2a-4246-b377-080eaea38b01
0a2006a9-9f2a-4246-b377-080eaea38b01,33f6fd27-6b39-44c8-a356-d85d259b9e31,0a2006a9-9f2a-4246-b377-080eaea38b01
0a2006a9-9f2a-4246-b377-080eaea38b01,b9d14249-b676-44d3-a9a8-cd1038955b1f,0a2006a9-9f2a-4246-b377-080eaea38b01
0a2006a9-9f2a-4246-b377-080eaea38b01,3b327e27-c9cb-4c3c-9ccf-5f6208b3c35c,0a2006a9-9f2a-4246-b377-080eaea38b01
0a2006a9-9f2a-4246-b377-080eaea38b01,0560b45f-8337-4008-ac9c-5ffb09a7ec0c,0a2006a9-9f2a-4246-b377-080eaea38b01
0a2006a9-9f2a-4246-b377-080eaea38b01,cf6be56b-f6a3-4796-a7c7-b6471ce1703d,0a2006a9-9f2a-4246-b377-080eaea38b01
0a2006a9-9f2a-4246-b377-080eaea38b01,ea3e1dac-67b3-425e-a232-ff6ca6ff3530,0a2006a9-9f2a-4246-b377-080eaea38b01
0a2006a9-9f2a-4246-b377-080eaea38b01,9f12aae5-e0c9-40ce-bbc8-478c09f4fce3,0a2006a9-9f2a-4246-b377-080eaea38b01
0a2006a9-9f2a-4246-b377-080eaea38b01,198fbc0f-a576-4653-9ab6-8ca69cad7c8f,0a2006a9-9f2a-4246-b377-080eaea38b01
0a2006a9-9f2a-4246-b377-080eaea38b01,8d17311a-c075-45a0-91f2-6074874e7432,0a2006a9-9f2a-4246-b377-080eaea38b01
0a2006a9-9f2a-4246-b377-080eaea38b01,5b913203-9fcf-407b-92f1-e3c57416ef8d,0a2006a9-9f2a-4246-b377-080eaea38b01
0a2006a9-9f2a-4246-b377-080eaea38b01,2b9664b9-871f-4221-be5d-24e77cf5752d,0a2006a9-9f2a-4246-b377-080eaea38b01
0a2006a9-9f2a-4246-b377-080eaea38b01,be8d2790-8600-4bc0-8ec4-a597b4dd4764,0a2006a9-9f2a-4246-b377-080eaea38b01
0a2006a9-9f2a-4246-b377-080eaea38b01,46b8fe47-635f-48a4-8395-5b779b3b1969,0a2006a9-9f2a-4246-b377-080eaea38b01
0a2006a9-9f2a-4246-b377-080eaea38b01,1976b84d-a72e-487c-a5d8-73927ef43961,0a2006a9-9f2a-4246-b377-080eaea38b01
0a2006a9-9f2a-4246-b377-080eaea38b01,6cbd67e8-1be2-4215-90d8-0fa57cd9f389,0a2006a9-9f2a-4246-b377-080eaea38b01
0a2006a9-9f2a-4246-b377-080eaea38b01,38e6478c-b795-4cd4-8727-1088373616d1,0a2006a9-9f2a-4246-b377-080eaea38b01
0a2006a9-9f2a-4246-b377-080eaea38b01,6ae94be2-471c-402b-abb9-61dbdfe1de8b,0a2006a9-9f2a-4246-b377-080eaea38b01
0a2006a9-9f2a-4246-b377-080eaea38b01,70251c71-7573-4ecf-a03c-9f9b8e327233,0a2006a9-9f2a-4246-b377-080eaea38b01
0a2006a9-9f2a-4246-b377-080eaea38b01,5583173b-85c5-4694-862a-d652d63a2a71,0a2006a9-9f2a-4246-b377-080eaea38b01
0a2006a9-9f2a-4246-b377-080eaea38b01,4f15e215-c609-4d71-9e37-13f1b4d865ea,0a2006a9-9f2a-4246-b377-080eaea38b01
0a2006a9-9f2a-4246-b377-080eaea38b01,5d0a05cf-2f1e-4e6e-bae6-1e14713c87b4,0a2006a9-9f2a-4246-b377-080eaea38b01
0a2006a9-9f2a-4246-b377-080eaea38b01,7acb3958-d214-4044-a71e-bc75909c2eab,0a2006a9-9f2a-4246-b377-080eaea38b01
0a2006a9-9f2a-4246-b377-080eaea38b01,6537406d-4f6c-4d61-817d-2a1014793042,0a2006a9-9f2a-4246-b377-080eaea38b01
0a2006a9-9f2a-4246-b377-080eaea38b01,3599c3ed-cca8-4217-a4c5-1a5f23ef01d7,0a2006a9-9f2a-4246-b377-080eaea38b01
0a2006a9-9f2a-4246-b377-080eaea38b01,17d6245d-bf94-4f3a-ab5c-94a537b0a7c2,0a2006a9-9f2a-4246-b377-080eaea38b01
0a2006a9-9f2a-4246-b377-080eaea38b01,b30c473a-91b8-4574-9570-699f9fb65d76,0a2006a9-9f2a-4246-b377-080eaea38b01
0a2006a9-9f2a-4246-b377-080eaea38b01,937eca0a-b8b1-46b1-98bd-0cd91af04714,0a2006a9-9f2a-4246-b377-080eaea38b01
0a2006a9-9f2a-4246-b377-080eaea38b01,5adf938f-7642-48a0-8afd-b9b8a6c2961c,0a2006a9-9f2a-4246-b377-080eaea38b01
0a2006a9-9f2a-4246-b377-080eaea38b01,330f1f93-98f9-48bc-b4d5-808c3e6178a8,0a2006a9-9f2a-4246-b377-080eaea38b01
0a2006a9-9f2a-4246-b377-080eaea38b01,98518a74-46da-4f65-8dbe-9a02820579c8,0a2006a9-9f2a-4246-b377-080eaea38b01
0a2006a9-9f2a-4246-b377-080eaea38b01,f730530a-3df7-41be-9554-1e1a301ec6f7,0a2006a9-9f2a-4246-b377-080eaea38b01
0a2006a9-9f2a-4246-b377-080eaea38b01,7688bcbf-fc84-4ccd-91b7-c6d76f49cb12,0a2006a9-9f2a-4246-b377-080eaea38b01
0a2006a9-9f2a-4246-b377-080eaea38b01,4e5fcc86-317e-4e75-b4fb-d8025ebf6e79,0a2006a9-9f2a-4246-b377-080eaea38b01
0a2006a9-9f2a-4246-b377-080eaea38b01,0a524c20-460c-4d73-98e5-52f7aec6a183,0a2006a9-9f2a-4246-b377-080eaea38b01
0a2006a9-9f2a-4246-b377-080eaea38b01,62aad22c-5ffc-4edc-861d-07f69cca3d5b,0a2006a9-9f2a-4246-b377-080eaea38b01
0a2006a9-9f2a-4246-b377-080eaea38b01,00212eae-e59c-47f4-bf24-97684e6a35a0,0a2006a9-9f2a-4246-b377-080eaea38b01
0a2006a9-9f2a-4246-b377-080eaea38b01,47ab98f8-216e-44bf-951a-27ef42a3bc0f,0a2006a9-9f2a-4246-b377-080eaea38b01
0a2006a9-9f2a-4246-b377-080eaea38b01,5763447a-c766-4904-9047-9c64a15dd1a4,0a2006a9-9f2a-4246-b377-080eaea38b01
0a2006a9-9f2a-4246-b377-080eaea38b01,0112941e-7b4f-4a1f-8fde-45b3970c66d9,0a2006a9-9f2a-4246-b377-080eaea38b01
0a2006a9-9f2a-4246-b377-080eaea38b01,85e8753c-abf9-437e-8dc1-aeb353c20236,0a2006a9-9f2a-4246-b377-080eaea38b01
0a2006a9-9f2a-4246-b377-080eaea38b01,d7c8a05a-6e1a-4636-a1ee-cf4ecd9ba986,0a2006a9-9f2a-4246-b377-080eaea38b01
0a2006a9-9f2a-4246-b377-080eaea38b01,7f25e5c1-6632-454b-8040-d444fbd45ca9,0a2006a9-9f2a-4246-b377-080eaea38b01
0a2006a9-9f2a-4246-b377-080eaea38b01,9321b7b6-cd0d-4265-91fd-a5a8735fa751,0a2006a9-9f2a-4246-b377-080eaea38b01
0a2006a9-9f2a-4246-b377-080eaea38b01,b97d3d92-2bca-40f6-ac66-8f774f8eea87,0a2006a9-9f2a-4246-b377-080eaea38b01
0a2006a9-9f2a-4246-b377-080eaea38b01,65dfa779-1f64-4466-997a-dbf4ecd056ce,0a2006a9-9f2a-4246-b377-080eaea38b01
0a2006a9-9f2a-4246-b377-080eaea38b01,690827a5-0c03-46b4-b3c1-7966339a49d5,0a2006a9-9f2a-4246-b377-080eaea38b01
0a2006a9-9f2a-4246-b377-080eaea38b01,e29ded23-a6fc-41d5-883d-a23406a51575,0a2006a9-9f2a-4246-b377-080eaea38b01
0a2006a9-9f2a-4246-b377-080eaea38b01,6d8f4cbf-c46c-4aa6-bd20-1fa50f046a61,0a2006a9-9f2a-4246-b377-080eaea38b01
0a2006a9-9f2a-4246-b377-080eaea38b01,288439fa-c470-407b-bf1e-6c8a0857cf00,0a2006a9-9f2a-4246-b377-080eaea38b01
0a2006a9-9f2a-4246-b377-080eaea38b01,35862038-8633-4626-b15c-dda7b08bcbd5,0a2006a9-9f2a-4246-b377-080eaea38b01
0a2006a9-9f2a-4246-b377-080eaea38b01,2454111b-aa54-4857-a0a0-bc9f6c276082,0a2006a9-9f2a-4246-b377-080eaea38b01
0a2006a9-9f2a-4246-b377-080eaea38b01,eaf72715-23c7-4e0e-b778-636822229d78,0a2006a9-9f2a-4246-b377-080eaea38b01
0a2006a9-9f2a-4246-b377-080eaea38b01,25458125-274e-4bd8-a55b-3a18ca2bc01d,0a2006a9-9f2a-4246-b377-080eaea38b01
0a2006a9-9f2a-4246-b377-080eaea38b01,585a4fdf-5dcc-4e69-a511-50889aedcde1,0a2006a9-9f2a-4246-b377-080eaea38b01
0a2006a9-9f2a-4246-b377-080eaea38b01,e8021d19-4ab8-4c45-a9f8-4e132940ddad,0a2006a9-9f2a-4246-b377-080eaea38b01
0a2006a9-9f2a-4246-b377-080eaea38b01,0d951d3a-56dc-4325-864b-03e8b0f0a39b,0a2006a9-9f2a-4246-b377-080eaea38b01
0a2006a9-9f2a-4246-b377-080eaea38b01,26d971d5-cdc6-4fee-9588-7fc7079794e3,0a2006a9-9f2a-4246-b377-080eaea38b01
0a2006a9-9f2a-4246-b377-080eaea38b01,e30b674f-0245-4131-9190-76fed010177d,0a2006a9-9f2a-4246-b377-080eaea38b01
0a2006a9-9f2a-4246-b377-080eaea38b01,40eb3c33-77c6-403b-93f4-bd2a067b983a,0a2006a9-9f2a-4246-b377-080eaea38b01
0a2006a9-9f2a-4246-b377-080eaea38b01,5873be76-f69c-4360-8de9-ed7fbb9e586d,0a2006a9-9f2a-4246-b377-080eaea38b01
0a2006a9-9f2a-4246-b377-080eaea38b01,363bf8bc-c499-487e-8268-0d1e6ff27c50,0a2006a9-9f2a-4246-b377-080eaea38b01
0a2006a9-9f2a-4246-b377-080eaea38b01,3ec37403-8fca-4dea-a237-01a291443d6b,0a2006a9-9f2a-4246-b377-080eaea38b01
0a2006a9-9f2a-4246-b377-080eaea38b01,6049d470-4fde-4d5f-b994-1c641fd2b1ad,0a2006a9-9f2a-4246-b377-080eaea38b01
0a2006a9-9f2a-4246-b377-080eaea38b01,e685142e-c19c-4cc3-9e6e-89ca7dccc3ab,0a2006a9-9f2a-4246-b377-080eaea38b01
0a2006a9-9f2a-4246-b377-080eaea38b01,3a7576a8-2adf-4162-bf5c-6d9eb3c8fbc7,0a2006a9-9f2a-4246-b377-080eaea38b01
0a2006a9-9f2a-4246-b377-080eaea38b01,9cac10c2-c5ee-4c1a-85b9-1e38cc7fc1a7,0a2006a9-9f2a-4246-b377-080eaea38b01
0a2006a9-9f2a-4246-b377-080eaea38b01,acecc26a-9ff3-40b8-b0eb-c6fec9160f04,0a2006a9-9f2a-4246-b377-080eaea38b01
0a2006a9-9f2a-4246-b377-080eaea38b01,5b9d5920-0f28-4c13-96fc-c52fc00cbfac,0a2006a9-9f2a-4246-b377-080eaea38b01
0a2006a9-9f2a-4246-b377-080eaea38b01,8937a06a-92cd-40d3-aec3-0c4b69671d91,0a2006a9-9f2a-4246-b377-080eaea38b01
0a2006a9-9f2a-4246-b377-080eaea38b01,c530494c-ed62-4062-ab81-4d5d4ee8abf7,0a2006a9-9f2a-4246-b377-080eaea38b01
0a2006a9-9f2a-4246-b377-080eaea38b01,c4dafee8-c608-4e55-bdd9-ea64ca2fe876,0a2006a9-9f2a-4246-b377-080eaea38b01
0a2006a9-9f2a-4246-b377-080eaea38b01,0df81f98-e0b7-4b60-b42b-0dd5bfadca6d,0a2006a9-9f2a-4246-b377-080eaea38b01
0a2006a9-9f2a-4246-b377-080eaea38b01,771ca32a-9761-4494-8487-1e2bcd2aaa4a,0a2006a9-9f2a-4246-b377-080eaea38b01
0a2006a9-9f2a-4246-b377-080eaea38b01,05563e67-f8d3-4a18-97d9-6e16165dfa28,0a2006a9-9f2a-4246-b377-080eaea38b01
0a2006a9-9f2a-4246-b377-080eaea38b01,0eb37007-3392-48a5-8d98-4e91826bcfa1,0a2006a9-9f2a-4246-b377-080eaea38b01
0a2006a9-9f2a-4246-b377-080eaea38b01,50f6a94c-cb07-4d43-b7fc-e6fdb90e6136,0a2006a9-9f2a-4246-b377-080eaea38b01
0a2006a9-9f2a-4246-b377-080eaea38b01,7588c92c-e166-4c36-8bd1-916641021d27,0a2006a9-9f2a-4246-b377-080eaea38b01
0a2006a9-9f2a-4246-b377-080eaea38b01,149fe91c-16d7-466b-8d3e-324d1829079b,0a2006a9-9f2a-4246-b377-080eaea38b01
0a2006a9-9f2a-4246-b377-080eaea38b01,75882dde-c7eb-4802-b620-b6a2a5d6fa5f,0a2006a9-9f2a-4246-b377-080eaea38b01
0a2006a9-9f2a-4246-b377-080eaea38b01,a8787a26-4939-4a7a-9b67-df7a3651cefa,0a2006a9-9f2a-4246-b377-080eaea38b01
0a2006a9-9f2a-4246-b377-080eaea38b01,0926cf69-b2f8-45a5-97e9-d85f7ef243d3,0a2006a9-9f2a-4246-b377-080eaea38b01
0a2006a9-9f2a-4246-b377-080eaea38b01,65006253-8b1c-4484-b05c-10887e576d21,0a2006a9-9f2a-4246-b377-080eaea38b01
0a2006a9-9f2a-4246-b377-080eaea38b01,1f998c6f-185a-4a2b-8123-4973ae060256,0a2006a9-9f2a-4246-b377-080eaea38b01
0a2006a9-9f2a-4246-b377-080eaea38b01,beb0392d-4b30-4161-8d01-5d0118e1d9cf,0a2006a9-9f2a-4246-b377-080eaea38b01
0a2006a9-9f2a-4246-b377-080eaea38b01,accf8206-0b29-47ce-ac1d-4651570b0dc3,0a2006a9-9f2a-4246-b377-080eaea38b01
0a2006a9-9f2a-4246-b377-080eaea38b01,80f1a8cd-4a75-4879-ae59-8741d6f49247,0a2006a9-9f2a-4246-b377-080eaea38b01
0a2006a9-9f2a-4246-b377-080eaea38b01,cf76c015-f356-4aef-ab55-3cb4685674fd,0a2006a9-9f2a-4246-b377-080eaea38b01
0a2006a9-9f2a-4246-b377-080eaea38b01,5200121f-1230-489f-94b0-07373ab94c68,0a2006a9-9f2a-4246-b377-080eaea38b01
0a2006a9-9f2a-4246-b377-080eaea38b01,5b79a52a-303b-40f8-9f3f-63528822c1bc,0a2006a9-9f2a-4246-b377-080eaea38b01
0a2006a9-9f2a-4246-b377-080eaea38b01,2abf3d28-4d40-4174-b44b-c1e7dd516e6a,0a2006a9-9f2a-4246-b377-080eaea38b01
0a2006a9-9f2a-4246-b377-080eaea38b01,94036c35-73f8-4d89-a60f-4b8c6357b150,0a2006a9-9f2a-4246-b377-080eaea38b01
0a2006a9-9f2a-4246-b377-080eaea38b01,f26b6909-7894-4900-9cc7-eee852123962,0a2006a9-9f2a-4246-b377-080eaea38b01
0a2006a9-9f2a-4246-b377-080eaea38b01,f235fa17-448c-47d1-a9ec-4f78106228a1,0a2006a9-9f2a-4246-b377-080eaea38b01
0a2006a9-9f2a-4246-b377-080eaea38b01,308621d1-2e9d-4580-9892-36af78a06247,0a2006a9-9f2a-4246-b377-080eaea38b01
0a2006a9-9f2a-4246-b377-080eaea38b01,3dd5c911-e97f-4e59-8641-65b92b40044a,0a2006a9-9f2a-4246-b377-080eaea38b01
0a2006a9-9f2a-4246-b377-080eaea38b01,ade0fefc-e095-4b2c-9fd8-37b449bd0d29,0a2006a9-9f2a-4246-b377-080eaea38b01
0a2006a9-9f2a-4246-b377-080eaea38b01,56091b34-d4e6-49c1-b9b5-7e173a95b164,0a2006a9-9f2a-4246-b377-080eaea38b01
0a2006a9-9f2a-4246-b377-080eaea38b01,0ca0af5b-e339-4e03-a659-e83f92fb485a,0a2006a9-9f2a-4246-b377-080eaea38b01
0a2006a9-9f2a-4246-b377-080eaea38b01,8bc61b69-bd55-4949-abc3-65403d149e02,0a2006a9-9f2a-4246-b377-080eaea38b01
0a2006a9-9f2a-4246-b377-080eaea38b01,88da47b8-c6b2-4257-8f5e-4b6d01cb2863,0a2006a9-9f2a-4246-b377-080eaea38b01
0a2006a9-9f2a-4246-b377-080eaea38b01,08cac340-89eb-486c-8169-4842f6b0100d,0a2006a9-9f2a-4246-b377-080eaea38b01
0a2006a9-9f2a-4246-b377-080eaea38b01,773cd871-8bc2-4422-ac09-023b23b2e9dc,0a2006a9-9f2a-4246-b377-080eaea38b01
0a2006a9-9f2a-4246-b377-080eaea38b01,7118b43c-cb1a-4251-8da7-e48f1b73227a,0a2006a9-9f2a-4246-b377-080eaea38b01
0a2006a9-9f2a-4246-b377-080eaea38b01,5a9ff39c-88d1-48fb-82d9-1ccd7bbaa27a,0a2006a9-9f2a-4246-b377-080eaea38b01
0a2006a9-9f2a-4246-b377-080eaea38b01,74c47bf2-50de-4e57-8e4b-d75288a1a4d2,0a2006a9-9f2a-4246-b377-080eaea38b01
0a2006a9-9f2a-4246-b377-080eaea38b01,3a1d5860-f4b0-4d00-9624-dbc2cd4ad824,0a2006a9-9f2a-4246-b377-080eaea38b01
0a2006a9-9f2a-4246-b377-080eaea38b01,757a2c0d-890c-43a1-ae2f-2b32a6cb68a1,0a2006a9-9f2a-4246-b377-080eaea38b01
0a2006a9-9f2a-4246-b377-080eaea38b01,87392281-2680-499d-9ed4-84f6c2d4ebcd,0a2006a9-9f2a-4246-b377-080eaea38b01
0a2006a9-9f2a-4246-b377-080eaea38b01,4f41672a-e26b-4ced-b565-c1dab6175450,0a2006a9-9f2a-4246-b377-080eaea38b01
0a2006a9-9f2a-4246-b377-080eaea38b01,9b3837da-865b-44a5-921c-18f067438d32,0a2006a9-9f2a-4246-b377-080eaea38b01
0a2006a9-9f2a-4246-b377-080eaea38b01,df3d6d24-fbe0-4afc-a0b5-b339ed898e45,0a2006a9-9f2a-4246-b377-080eaea38b01
0a2006a9-9f2a-4246-b377-080eaea38b01,7fa629da-ccc5-4fd3-b4c3-6028115f3b7b,0a2006a9-9f2a-4246-b377-080eaea38b01
0a2006a9-9f2a-4246-b377-080eaea38b01,827d58b3-ee9d-4c2e-8817-0b6403949cff,0a2006a9-9f2a-4246-b377-080eaea38b01
0a2006a9-9f2a-4246-b377-080eaea38b01,bf2159e9-fcbc-4c68-8404-2a720332dd02,0a2006a9-9f2a-4246-b377-080eaea38b01
0a2006a9-9f2a-4246-b377-080eaea38b01,e5d222c5-f19e-471e-8b1f-6a40812592b0,0a2006a9-9f2a-4246-b377-080eaea38b01
0a2006a9-9f2a-4246-b377-080eaea38b01,68805c1a-0407-41ab-9769-912c18aca177,0a2006a9-9f2a-4246-b377-080eaea38b01
0a2006a9-9f2a-4246-b377-080eaea38b01,704e4f59-e8ae-438f-90b7-b9cad147649d,0a2006a9-9f2a-4246-b377-080eaea38b01
0a2006a9-9f2a-4246-b377-080eaea38b01,23819ac1-db53-442d-93b2-659560ca4bcb,0a2006a9-9f2a-4246-b377-080eaea38b01
0a2006a9-9f2a-4246-b377-080eaea38b01,812e8663-1276-486c-8b70-64910d2bae90,0a2006a9-9f2a-4246-b377-080eaea38b01
0a2006a9-9f2a-4246-b377-080eaea38b01,712dd74e-4baf-419f-b01e-5fc1c5f3415d,0a2006a9-9f2a-4246-b377-080eaea38b01
0a2006a9-9f2a-4246-b377-080eaea38b01,1708a921-695e-462d-b92f-5542bb708e19,0a2006a9-9f2a-4246-b377-080eaea38b01
0a2006a9-9f2a-4246-b377-080eaea38b01,983bfb7d-acf7-4675-8363-1b3a5d919cdc,0a2006a9-9f2a-4246-b377-080eaea38b01
0a2006a9-9f2a-4246-b377-080eaea38b01,b09fe756-3494-4b1a-bcab-f1cbc5020d75,0a2006a9-9f2a-4246-b377-080eaea38b01
0a2006a9-9f2a-4246-b377-080eaea38b01,86250adf-3fe7-476b-adf4-3cc3cdc14129,0a2006a9-9f2a-4246-b377-080eaea38b01
0a2006a9-9f2a-4246-b377-080eaea38b01,c4fea1ec-7f46-4a6a-a2fb-b5d84dda6b5e,0a2006a9-9f2a-4246-b377-080eaea38b01
0a2006a9-9f2a-4246-b377-080eaea38b01,96843fbb-34eb-4545-9c33-99d270a15201,0a2006a9-9f2a-4246-b377-080eaea38b01
0a2006a9-9f2a-4246-b377-080eaea38b01,c12426d9-fa45-447a-a013-f3aecee32ca8,0a2006a9-9f2a-4246-b377-080eaea38b01
0a2006a9-9f2a-4246-b377-080eaea38b01,8117846d-f49f-47f4-b2d6-727942994ae0,0a2006a9-9f2a-4246-b377-080eaea38b01
0a2006a9-9f2a-4246-b377-080eaea38b01,686bb956-b693-42c4-8857-427160909746,0a2006a9-9f2a-4246-b377-080eaea38b01
0a2006a9-9f2a-4246-b377-080eaea38b01,89ec6d54-7aa5-48c6-92f9-5d451cd5abda,0a2006a9-9f2a-4246-b377-080eaea38b01
0a2006a9-9f2a-4246-b377-080eaea38b01,f3c6049a-3873-46b4-9ea8-56c75a03d695,0a2006a9-9f2a-4246-b377-080eaea38b01
0a2006a9-9f2a-4246-b377-080eaea38b01,035b77ea-6c6f-4e49-a9b8-a0a661c8e1ec,0a2006a9-9f2a-4246-b377-080eaea38b01
0a2006a9-9f2a-4246-b377-080eaea38b01,a6b97c40-de11-4ff8-9f6c-41da006c3c58,0a2006a9-9f2a-4246-b377-080eaea38b01
0a2006a9-9f2a-4246-b377-080eaea38b01,fc9bf4a1-1155-49de-b9c0-3a84fed033de,0a2006a9-9f2a-4246-b377-080eaea38b01
0a2006a9-9f2a-4246-b377-080eaea38b01,716ea9be-2a4b-4db3-9192-13e942761340,0a2006a9-9f2a-4246-b377-080eaea38b01
0a2006a9-9f2a-4246-b377-080eaea38b01,37e23846-c5d0-442e-902c-d0dd16e82386,0a2006a9-9f2a-4246-b377-080eaea38b01
0a2006a9-9f2a-4246-b377-080eaea38b01,61d9ff59-9b4f-41b9-b1b2-4af7e9b2c2e0,0a2006a9-9f2a-4246-b377-080eaea38b01
0a2006a9-9f2a-4246-b377-080eaea38b01,b5412b3f-f978-4c0c-bae6-5c0c88ee689c,0a2006a9-9f2a-4246-b377-080eaea38b01
0a2006a9-9f2a-4246-b377-080eaea38b01,1edf6839-e138-455a-bdc0-8527c88e397b,0a2006a9-9f2a-4246-b377-080eaea38b01
0a2006a9-9f2a-4246-b377-080eaea38b01,e5c5d804-1341-49ad-b895-c49f1d1dc6cd,0a2006a9-9f2a-4246-b377-080eaea38b01
0a2006a9-9f2a-4246-b377-080eaea38b01,9c2801f3-6e1f-481f-b508-6cc6ee525061,0a2006a9-9f2a-4246-b377-080eaea38b01
0a2006a9-9f2a-4246-b377-080eaea38b01,9be461f1-0417-4c77-8123-c0648394a918,0a2006a9-9f2a-4246-b377-080eaea38b01
0a2006a9-9f2a-4246-b377-080eaea38b01,df97076f-11b8-48a4-baff-8ec627e507f9,0a2006a9-9f2a-4246-b377-080eaea38b01
0a2006a9-9f2a-4246-b377-080eaea38b01,f7509fa1-6e87-4c68-85b9-46acf625f318,0a2006a9-9f2a-4246-b377-080eaea38b01
0a2006a9-9f2a-4246-b377-080eaea38b01,c0bf4005-5ed2-4753-961f-4193a913deaa,0a2006a9-9f2a-4246-b377-080eaea38b01
0a2006a9-9f2a-4246-b377-080eaea38b01,cc97593a-e060-4881-9220-a8d8ede9ef86,0a2006a9-9f2a-4246-b377-080eaea38b01
0a2006a9-9f2a-4246-b377-080eaea38b01,0fb61636-10a2-473e-9121-0cd9ae402c50,0a2006a9-9f2a-4246-b377-080eaea38b01
0a2006a9-9f2a-4246-b377-080eaea38b01,74698397-3f92-4bda-93bb-1185c577a424,0a2006a9-9f2a-4246-b377-080eaea38b01
0a2006a9-9f2a-4246-b377-080eaea38b01,43835290-3c80-4bf0-b9d5-9df1f7036862,0a2006a9-9f2a-4246-b377-080eaea38b01
0a2006a9-9f2a-4246-b377-080eaea38b01,289b065b-c5e8-4f26-9d24-a12364e63960,0a2006a9-9f2a-4246-b377-080eaea38b01
0a2006a9-9f2a-4246-b377-080eaea38b01,77b02340-53a4-47b5-9345-5ca5b7a8bce6,0a2006a9-9f2a-4246-b377-080eaea38b01
0a2006a9-9f2a-4246-b377-080eaea38b01,426deb19-b4a5-4679-83f3-4e83b38f1502,0a2006a9-9f2a-4246-b377-080eaea38b01
