0a2006a9-9f2a-4246-b377-080eaea38b01,222f0fce-9a7b-41ae-9989-e183ae85e1ae
0a2006a9-9f2a-4246-b377-080eaea38b01,e3f6bf57-7a35-4cc7-8423-1ff10765e7b6
0a2006a9-9f2a-4246-b377-080eaea38b01,c51f7351-e0de-402e-8375-41088766db1c
0a2006a9-9f2a-4246-b377-080eaea38b01,73509341-219b-4d3d-8a0a-a8dc5451c185
0a2006a9-9f2a-4246-b377-080eaea38b01,144b61c4-a1d4-4734-9313-1bb5ac02c63f
0a2006a9-9f2a-4246-b377-080eaea38b01,99bfa1ad-aace-4218-89fe-d0aa44aae19c
0a2006a9-9f2a-4246-b377-080eaea38b01,a16fb946-fad2-4227-8ec2-7c53c8066d8c
0a2006a9-9f2a-4246-b377-080eaea38b01,07ef1b73-3b42-4fa9-8784-719174f11a3b
0a2006a9-9f2a-4246-b377-080eaea38b01,ece905da-5ae5-46b9-a6e7-6dff7fc60813
0a2006a9-9f2a-4246-b377-080eaea38b01,2118076c-f944-4234-b302-5ccbf99aac69
0a2006a9-9f2a-4246-b377-080eaea38b01,9a317a1a-9d9a-4f77-8894-31cb772ff217
0a2006a9-9f2a-4246-b377-080eaea38b01,414fd16d-488a-4ea3-835e-573e2ce92818
0a2006a9-9f2a-4246-b377-080eaea38b01,b9cab7b6-80b3-41e0-a473-882d4c088c47
0a2006a9-9f2a-4246-b377-080eaea38b01,29c191c3-05fb-4953-be01-e90ed08654f4
0a2006a9-9f2a-4246-b377-080eaea38b01,2ec1df22-c07c-4116-8b4e-d8c72617f8e1
0a2006a9-9f2a-4246-b377-080eaea38b01,cd79e0e4-cc9f-440c-9e56-dc5c2a3b40bf
0a2006a9-9f2a-4246-b377-080eaea38b01,15854810-ab8f-4e51-a3de-dc1351ef56d1
0a2006a9-9f2a-4246-b377-080eaea38b01,80b81489-1cc1-449f-ab7c-8a7cad281431
0a2006a9-9f2a-4246-b377-080eaea38b01,b1a5044c-1bd5-4912-aa2e-17ce14e33e8d
0a2006a9-9f2a-4246-b377-080eaea38b01,3cb15bda-ae88-43c4-a7fe-ed40d4fa582b
0a2006a9-9f2a-4246-b377-080eaea38b01,3745f176-87a9-4a4e-949b-cb1a45adf800
0a2006a9-9f2a-4246-b377-080eaea38b01,d9856764-5837-4457-a3a7-93cbbb199fdc
0a2006a9-9f2a-4246-b377-080eaea38b01,0788bbbe-dc15-4c39-9009-d95bc6946c81
0a2006a9-9f2a-4246-b377-080eaea38b01,9c510da2-a462-4854-8f93-8c2fa3904b56
0a2006a9-9f2a-4246-b377-080eaea38b01,7da053c3-72bc-4d8f-8712-b2589df096e7
0a2006a9-9f2a-4246-b377-080eaea38b01,e866ddc0-7644-4211-b818-79fcc058f0db
0a2006a9-9f2a-4246-b377-080eaea38b01,e9717d7a-d5db-4e67-83df-f4a6dc286ea0
0a2006a9-9f2a-4246-b377-080eaea38b01,9753100d-d613-4a39-9ec5-3f24b23e8faa
0a2006a9-9f2a-4246-b377-080eaea38b01,9d7af944-bbfe-4ea8-9c31-f3c7c09296a2
0a2006a9-9f2a-4246-b377-080eaea38b01,92cb53d0-7c32-483d-8c78-a16b6744bd15
0a2006a9-9f2a-4246-b377-080eaea38b01,1484d47b-e69f-458e-8008-500fee459bb2
0a2006a9-9f2a-4246-b377-080eaea38b01,ad780f93-bfbc-4e37-bb93-134a4cb57eb3
0a2006a9-9f2a-4246-b377-080eaea38b01,464c67fe-0196-4dae-8a9b-b8b44fc67420
0a2006a9-9f2a-4246-b377-080eaea38b01,e83c38c0-584f-4b9f-8d77-39b574bd77d8
0a2006a9-9f2a-4246-b377-080eaea38b01,e6cee43b-d061-4313-9ad6-c70c8d6d6baa
0a2006a9-9f2a-4246-b377-080eaea38b01,a6e5517e-bb43-4083-a5be-5357ca52b066
0a2006a9-9f2a-4246-b377-080eaea38b01,b3cb6269-d11d-4cc2-9399-715d1f72d32c
0a2006a9-9f2a-4246-b377-080eaea38b01,57759fc9-3a00-4801-8470-9038d0c4e9d0
0a2006a9-9f2a-4246-b377-080eaea38b01,6d76fee0-effa-4d4e-8ff5-ed2ef5250b21
0a2006a9-9f2a-4246-b377-080eaea38b01,27ef70d9-9fcb-4f9a-b976-03a8061ad007
0a2006a9-9f2a-4246-b377-080eaea38b01,6391a743-ac64-43ec-803a-53ac3c3e62b3
0a2006a9-9f2a-4246-b377-080eaea38b01,2dd8f5ae-7e46-49d6-8aa0-0ad435edc587
0a2006a9-9f2a-4246-b377-080eaea38b01,73169d1e-5d0d-4398-95b3-cb6678ad9c64
0a2006a9-9f2a-4246-b377-080eaea38b01,82031c3c-7cf6-4631-89e0-2694a7e21e0f
0a2006a9-9f2a-4246-b377-080eaea38b01,09620ea6-e175-4cbb-b281-226c41cdd026
0a2006a9-9f2a-4246-b377-080eaea38b01,d2bf4f53-1ea8-4625-a012-2725f30152c5
0a2006a9-9f2a-4246-b377-080eaea38b01,0442c0b6-f4cc-46b5-8b8a-2a47ead826fc
0a2006a9-9f2a-4246-b377-080eaea38b01,788914a8-17a8-4358-a0c4-7d02171e3b62
0a2006a9-9f2a-4246-b377-080eaea38b01,f8d2fcf3-efd9-4ac8-874d-e91993ff7083
0a2006a9-9f2a-4246-b377-080eaea38b01,27c88329-12df-461a-b1af-7f03323ad249
0a2006a9-9f2a-4246-b377-080eaea38b01,5f279fa4-a92d-43c0-b8a5-853ac6097924
0a2006a9-9f2a-4246-b377-080eaea38b01,5bc73927-22fa-46cf-82fa-f5a49f2a1f93
0a2006a9-9f2a-4246-b377-080eaea38b01,0bbdb85e-578f-4167-af69-3b942b015765
0a2006a9-9f2a-4246-b377-080eaea38b01,fd3307c0-44cb-4d71-acf3-8bb885ff60c1
0a2006a9-9f2a-4246-b377-080eaea38b01,accebb39-6d1b-4e4c-89fd-5863ef3cee6f
0a2006a9-9f2a-4246-b377-080eaea38b01,60b40ffe-069a-4a97-b90e-23b59193a17e
0a2006a9-9f2a-4246-b377-080eaea38b01,5b1fb4bd-4b11-432b-9724-3636ed79d10e
0a2006a9-9f2a-4246-b377-080eaea38b01,f2b349e3-f338-4252-9a4a-742d3feffaa6
0a2006a9-9f2a-4246-b377-080eaea38b01,d58aed78-7ee2-4b34-b4bd-1366e8efc525
0a2006a9-9f2a-4246-b377-080eaea38b01,99b4334f-4b09-4683-82b2-cdbcc3d597cd
0a2006a9-9f2a-4246-b377-080eaea38b01,4648d766-b027-4c3b-991e-3ccabf0d6197
0a2006a9-9f2a-4246-b377-080eaea38b01,b2443ccb-9cb5-4e74-8eab-11d88542d904
0a2006a9-9f2a-4246-b377-080eaea38b01,696c9655-1c39-4e4a-8d13-b575ef9e9ae1
0a2006a9-9f2a-4246-b377-080eaea38b01,662e944a-f184-4f65-afe4-b8d6012d3322
0a2006a9-9f2a-4246-b377-080eaea38b01,63fd063a-373e-49d1-bfcd-13d80ceb8f7d
0a2006a9-9f2a-4246-b377-080eaea38b01,74ad2790-bc1f-45fd-bfac-78ed7475d903
0a2006a9-9f2a-4246-b377-080eaea38b01,ff671d1e-c73f-4b93-8a22-7a61ee6d031d
0a2006a9-9f2a-4246-b377-080eaea38b01,f0275d68-7244-4176-8f5c-438edfabb02f
0a2006a9-9f2a-4246-b377-080eaea38b01,83981be0-3868-4a3c-8a80-d6bffc462b5a
0a2006a9-9f2a-4246-b377-080eaea38b01,9480bf50-5b78-45ff-ae9c-6d5de9c97b6b
0a2006a9-9f2a-4246-b377-080eaea38b01,b326fcfd-0af0-4a9e-a070-8bf4316cfb5a
0a2006a9-9f2a-4246-b377-080eaea38b01,602f6715-ad1f-4cab-9b33-e0b1bd93c3b3
0a2006a9-9f2a-4246-b377-080eaea38b01,d598a4f6-499d-4266-a97c-c0cbce625780
0a2006a9-9f2a-4246-b377-080eaea38b01,a53db0af-8064-4dbe-b7a2-401a96109c7d
0a2006a9-9f2a-4246-b377-080eaea38b01,7036353d-e8ce-45b4-aecf-46c9a0feb0cb
0a2006a9-9f2a-4246-b377-080eaea38b01,5a2f7158-b294-4dad-8c6c-0e0cbca8eca4
0a2006a9-9f2a-4246-b377-080eaea38b01,f43ee358-b7ee-43ce-998b-df1b2338e34a
0a2006a9-9f2a-4246-b377-080eaea38b01,1ccbf526-0772-46e1-95bb-022e728c5515
0a2006a9-9f2a-4246-b377-080eaea38b01,49c9be09-58da-4ce1-80d7-c929c8b6e299
0a2006a9-9f2a-4246-b377-080eaea38b01,0a22c3d4-e662-468a-a8ea-e62a7c9a254b
0a2006a9-9f2a-4246-b377-080eaea38b01,d3a83294-2f2e-47da-882d-1eaf88e3aafd
0a2006a9-9f2a-4246-b377-080eaea38b01,87437c68-83bd-4ad3-9615-0c00af9325f7
0a2006a9-9f2a-4246-b377-080eaea38b01,31f79413-10d0-403d-b53c-671dde1e22b5
0a2006a9-9f2a-4246-b377-080eaea38b01,a1bf2581-0331-45fc-b438-5cb13fbb950e
0a2006a9-9f2a-4246-b377-080eaea38b01,7e31f653-ed75-452c-95f6-21f2ea64f6c1
0a2006a9-9f2a-4246-b377-080eaea38b01,c499b3ea-63a4-48b0-a1c3-a54fb2ea11c2
0a2006a9-9f2a-4246-b377-080eaea38b01,925facf5-2118-4d1e-bb23-a4c75571a890
0a2006a9-9f2a-4246-b377-080eaea38b01,775e0e46-65f5-475c-8f2f-25d942fa4ef6
0a2006a9-9f2a-4246-b377-080eaea38b01,52ea50cd-15e9-4a63-81d2-da2541cf5111
0a2006a9-9f2a-4246-b377-080eaea38b01,ff54d596-4319-4423-929c-0f3b7b51e481
0a2006a9-9f2a-4246-b377-080eaea38b01,be2b6dfc-9c0c-45e4-8636-009ce935ec18
0a2006a9-9f2a-4246-b377-080eaea38b01,8a84f523-27ad-4028-91e8-fddd1fe485fc
0a2006a9-9f2a-4246-b377-080eaea38b01,737007b2-a484-47cb-9d41-468d3bf121a4
0a2006a9-9f2a-4246-b377-080eaea38b01,7c1c7cac-bd1d-48f6-a3bc-80000279d682
0a2006a9-9f2a-4246-b377-080eaea38b01,43c89f0b-b21b-4636-b304-c411f405e713
0a2006a9-9f2a-4246-b377-080eaea38b01,c3bbcfad-fa4e-4573-a0dd-1fc774eacfac
0a2006a9-9f2a-4246-b377-080eaea38b01,e1f0431e-66c4-4f01-857e-534efa52a2ad
0a2006a9-9f2a-4246-b377-080eaea38b01,e0b5f707-ecb8-4e70-8aef-013b6a74eb48
0a2006a9-9f2a-4246-b377-080eaea38b01,fba4234b-e82f-4cf7-8ad2-ba2e87ab67ff
0a2006a9-9f2a-4246-b377-080eaea38b01,e0296bcf-cdfd-4c09-ba68-63560ac3ec2a
0a2006a9-9f2a-4246-b377-080eaea38b01,cd438477-e9ab-4d1b-bac4-62fa50c5353a
0a2006a9-9f2a-4246-b377-080eaea38b01,088c042c-0435-45ce-bb82-111eeb229dc5
0a2006a9-9f2a-4246-b377-080eaea38b01,6ba5c5c4-019c-4898-a4ac-674e94d3d14f
0a2006a9-9f2a-4246-b377-080eaea38b01,a939464f-3937-4b91-8d89-a98b89d4d9ad
0a2006a9-9f2a-4246-b377-080eaea38b01,9d190741-9f9b-459e-8652-fa51efa38cdb
0a2006a9-9f2a-4246-b377-080eaea38b01,df872ea1-38c0-4824-8bfc-7c1885b32948
0a2006a9-9f2a-4246-b377-080eaea38b01,2f30c27d-65f8-4025-a206-b773924e4b45
0a2006a9-9f2a-4246-b377-080eaea38b01,dd5bf316-15a0-4233-89de-73221401e888
0a2006a9-9f2a-4246-b377-080eaea38b01,519f6607-7ebf-4eff-b2d7-2653b611e440
0a2006a9-9f2a-4246-b377-080eaea38b01,59df1cde-d61e-4df1-bc23-73c6df0aee3f
0a2006a9-9f2a-4246-b377-080eaea38b01,ee9547ab-06e7-4d95-a236-f7ddd7a292d2
0a2006a9-9f2a-4246-b377-080eaea38b01,e48ba801-7300-40d9-bef0-0c428c93fd57
0a2006a9-9f2a-4246-b377-080eaea38b01,0f196689-e5d2-4cc1-9282-91f9b6c18ce2
0a2006a9-9f2a-4246-b377-080eaea38b01,f700c82d-2562-4d13-ac53-5b6ce461fba1
0a2006a9-9f2a-4246-b377-080eaea38b01,b205f2e4-b99b-415d-8941-bd668abb87e2
0a2006a9-9f2a-4246-b377-080eaea38b01,9d848730-2b94-4c78-b93f-0d2c1d79e761
0a2006a9-9f2a-4246-b377-080eaea38b01,0f317c47-1290-4c5a-9eb1-78a5837a158d
0a2006a9-9f2a-4246-b377-080eaea38b01,56b3a8f9-a32b-48fb-8c3d-090899ba633c
0a2006a9-9f2a-4246-b377-080eaea38b01,a760bcb8-4435-481d-8562-fe271c38dc35
0a2006a9-9f2a-4246-b377-080eaea38b01,d95d44bf-9f5c-4e3e-8df3-df08dbd72760
0a2006a9-9f2a-4246-b377-080eaea38b01,e4a412b0-dc16-45c7-bf9e-449cb0c72975
0a2006a9-9f2a-4246-b377-080eaea38b01,a0b644fe-c487-49a5-82d8-3fa81ff7e16f
0a2006a9-9f2a-4246-b377-080eaea38b01,a80ebc9b-39e7-405a-a0a8-ca145f202c9a
0a2006a9-9f2a-4246-b377-080eaea38b01,50f3965c-4149-4530-99c2-8c322b6dcedf
0a2006a9-9f2a-4246-b377-080eaea38b01,6b16a166-4d0f-43d1-95c6-5537a2d952f0
0a2006a9-9f2a-4246-b377-080eaea38b01,934587fd-d928-43f6-b92d-d6147efe8c15
0a2006a9-9f2a-4246-b377-080eaea38b01,740e35af-88b3-4ae9-ad22-9ef8fc2e048b
0a2006a9-9f2a-4246-b377-080eaea38b01,c3fe6be2-bdbb-49bd-a124-7cbbb5984620
0a2006a9-9f2a-4246-b377-080eaea38b01,8af36c2c-b892-4849-8084-a60212db7171
0a2006a9-9f2a-4246-b377-080eaea38b01,5e43a2b8-14b5-40f1-9d08-73dfb4246582
0a2006a9-9f2a-4246-b377-080eaea38b01,432ca957-c689-452d-92d4-28fa697a2d02
0a2006a9-9f2a-4246-b377-080eaea38b01,3e8eed0e-fb2c-49df-9abb-5e07c28ad5eb
0a2006a9-9f2a-4246-b377-080eaea38b01,21a2fca8-07f5-494d-986e-c02e970614f5
0a2006a9-9f2a-4246-b377-080eaea38b01,4e16242f-9072-423c-98bb-afe903987400
0a2006a9-9f2a-4246-b377-080eaea38b01,36769442-b7a1-4634-9496-b48d4da3ad1f
0a2006a9-9f2a-4246-b377-080eaea38b01,a47cea14-c83d-4f99-b320-605d824eb83a
0a2006a9-9f2a-4246-b377-080eaea38b01,21421b5a-f6c1-4cf7-9071-2e52c4fe46bd
0a2006a9-9f2a-4246-b377-080eaea38b01,0a367c94-408d-4372-b41a-da862b6e8cc9
0a2006a9-9f2a-4246-b377-080eaea38b01,99db57ab-e6ba-4f73-80cb-1304ebf204ec
0a2006a9-9f2a-4246-b377-080eaea38b01,f4c5ff24-7a9e-4e3f-b504-2a1d41773e2f
0a2006a9-9f2a-4246-b377-080eaea38b01,175718d7-046d-4989-a91f-da0028a11b62
0a2006a9-9f2a-4246-b377-080eaea38b01,a3d6dcdd-e3ec-4f0f-a607-c9def7964d1b
0a2006a9-9f2a-4246-b377-080eaea38b01,97cfda08-9f45-4738-ad34-b8be108391d9
0a2006a9-9f2a-4246-b377-080eaea38b01,f63ea49b-65ff-4030-8c6c-3656dad2e93f
0a2006a9-9f2a-4246-b377-080eaea38b01,c6c04745-b46c-48cd-99f2-85defd145e5b
0a2006a9-9f2a-4246-b377-080eaea38b01,2381623a-8d19-46c2-9b8a-1e3c0697885e
0a2006a9-9f2a-4246-b377-080eaea38b01,7ea8f67a-2334-4aa1-ba26-557b3f6bccff
0a2006a9-9f2a-4246-b377-080eaea38b01,ca4d3526-11f7-4255-acce-548122540c7c
0a2006a9-9f2a-4246-b377-080eaea38b01,a650d9fc-625d-43c7-a202-cfa9c4ca9ac7
0a2006a9-9f2a-4246-b377-080eaea38b01,9daa2073-3758-4ec2-abc9-848f878047e6
0a2006a9-9f2a-4246-b377-080eaea38b01,9767835e-6177-4b55-b829-db249d9b3c63
0a2006a9-9f2a-4246-b377-080eaea38b01,67b09ffa-8c73-48d8-8e8c-010f5a170991
0a2006a9-9f2a-4246-b377-080eaea38b01,54b50035-2324-40f7-89c3-8b862696e922
0a2006a9-9f2a-4246-b377-080eaea38b01,39c9cc8d-c73f-43d7-b245-a3c1dbb82aef
0a2006a9-9f2a-4246-b377-080eaea38b01,0e2d0c49-a3d3-422d-b828-a21b22ccc41a
0a2006a9-9f2a-4246-b377-080eaea38b01,2ff1111e-1fd6-4754-9d9c-45434b0f631f
0a2006a9-9f2a-4246-b377-080eaea38b01,932447fd-ef4c-441a-9063-4b9d99c92e1a
0a2006a9-9f2a-4246-b377-080eaea38b01,f7583afb-e16d-4640-9d9f-693639e4510f
0a2006a9-9f2a-4246-b377-080eaea38b01,6dff5014-0e18-4fb5-9565-e5c02e7f4048
0a2006a9-9f2a-4246-b377-080eaea38b01,19df07b5-4c54-455b-8dee-034429bbaaab
0a2006a9-9f2a-4246-b377-080eaea38b01,cc281ea4-8f09-442a-91fe-0803b2455dc5
0a2006a9-9f2a-4246-b377-080eaea38b01,b3c74624-7216-4b89-ae95-e0bf619647e3
0a2006a9-9f2a-4246-b377-080eaea38b01,e8b96149-2d44-4437-9d19-c19ba82fb2a1
0a2006a9-9f2a-4246-b377-080eaea38b01,f4cf3ae1-c994-4745-bd04-0dd59c12b4b9
0a2006a9-9f2a-4246-b377-080eaea38b01,2e4375cb-87c3-4c16-985a-e1666adaad59
0a2006a9-9f2a-4246-b377-080eaea38b01,ac5c383a-67b5-4bc5-9ad1-d0355c7253d9
0a2006a9-9f2a-4246-b377-080eaea38b01,7c2db801-1815-4f36-8dc6-8fcec285d5d6
0a2006a9-9f2a-4246-b377-080eaea38b01,af0e5aa6-3b3c-4e3c-bb3c-5e6c0b6db7df
0a2006a9-9f2a-4246-b377-080eaea38b01,8a65ba66-58ca-4718-a443-a5d6a3fecf45
0a2006a9-9f2a-4246-b377-080eaea38b01,08a16f91-dc2a-45df-a09d-ab335d248b48
0a2006a9-9f2a-4246-b377-080eaea38b01,22b185a1-28d4-423b-8d3e-1fc6efed9b1a
0a2006a9-9f2a-4246-b377-080eaea38b01,ed6bfad2-7a8c-43f0-90d3-68407ec1875c
0a2006a9-9f2a-4246-b377-080eaea38b01,940acaad-b83c-476a-b110-1483c421d910
0a2006a9-9f2a-4246-b377-080eaea38b01,d39eeb07-ef08-4c15-b561-6bba05824109
0a2006a9-9f2a-4246-b377-080eaea38b01,9f9515ea-9358-409c-a2fd-8157fb716d47
0a2006a9-9f2a-4246-b377-080eaea38b01,9e53c6ab-87b2-4f45-b7bc-a23bf3078ab4
0a2006a9-9f2a-4246-b377-080eaea38b01,0c32ab44-ba67-4f60-b053-ea828d582590
0a2006a9-9f2a-4246-b377-080eaea38b01,1276f57e-2a6e-4523-9186-015f04339d4a
0a2006a9-9f2a-4246-b377-080eaea38b01,da94e442-7f19-4c46-9f72-e8d63a4480ce
0a2006a9-9f2a-4246-b377-080eaea38b01,4719c06f-a202-4ebb-a2fb-f0edf284bc90
0a2006a9-9f2a-4246-b377-080eaea38b01,4ae56e68-fc3c-45f4-8eb2-42b38826d1bf
0a2006a9-9f2a-4246-b377-080eaea38b01,f53ac5c2-d9db-4c42-bdb2-47feff3da8e4
0a2006a9-9f2a-4246-b377-080eaea38b01,4591749c-7ff1-405e-8695-b5092da6573d
0a2006a9-9f2a-4246-b377-080eaea38b01,8aef3d3d-bb19-46b4-b979-917b4af61703
0a2006a9-9f2a-4246-b377-080eaea38b01,1ae4a920-bd52-4b14-ae22-578b45d74bbe
0a2006a9-9f2a-4246-b377-080eaea38b01,d2b87f84-2542-44e7-b2c4-13d5d96157d6
0a2006a9-9f2a-4246-b377-080eaea38b01,944b046e-16be-43b1-8680-4936adc17d84
0a2006a9-9f2a-4246-b377-080eaea38b01,7525b8ca-d9df-43ce-9159-e90c4cd2e825
0a2006a9-9f2a-4246-b377-080eaea38b01,00307ec0-89f8-4508-be8f-0280ceb96f24
0a2006a9-9f2a-4246-b377-080eaea38b01,69d79844-1aeb-4432-877d-bc9c9c6de8a9
0a2006a9-9f2a-4246-b377-080eaea38b01,90279623-2fed-4c4f-91ca-1b0662452944
0a2006a9-9f2a-4246-b377-080eaea38b01,2143ab7f-ada5-4288-8750-8ec3db7b9fa2
0a2006a9-9f2a-4246-b377-080eaea38b01,7a072731-55cf-4405-8690-dacc06e58661
0a2006a9-9f2a-4246-b377-080eaea38b01,8944eba5-9a35-4b8f-9583-3a44ec48c16d
0a2006a9-9f2a-4246-b377-080eaea38b01,7b78591f-3cf3-4b57-b8b8-5fb16a7708e2
0a2006a9-9f2a-4246-b377-080eaea38b01,e2476405-fa76-40e7-a644-7d83d1b2e6c0
0a2006a9-9f2a-4246-b377-080eaea38b01,1722fc3b-3dba-44e9-a7c5-a7d81fb076cd
0a2006a9-9f2a-4246-b377-080eaea38b01,3469efe6-4467-4d20-8fcf-ced656b1097b
0a2006a9-9f2a-4246-b377-080eaea38b01,6b67f3b5-ea4e-4404-a182-97d0d0f1295e
0a2006a9-9f2a-4246-b377-080eaea38b01,7ed2f799-4e97-48fa-acd1-7e510a669af4
0a2006a9-9f2a-4246-b377-080eaea38b01,d414461e-33e6-496a-8d50-0b718cd9014c
0a2006a9-9f2a-4246-b377-080eaea38b01,b32f3e78-13c8-4cc4-a8cf-74a098087039
0a2006a9-9f2a-4246-b377-080eaea38b01,8e378c7a-eb78-410f-bd72-01df3d4caf66
0a2006a9-9f2a-4246-b377-080eaea38b01,1947c389-3e79-4636-89be-1874099b12b5
0a2006a9-9f2a-4246-b377-080eaea38b01,96390bd1-c6d7-450f-a338-07570359717d
0a2006a9-9f2a-4246-b377-080eaea38b01,94412a8c-443a-4270-8b73-d2b4a898058b
0a2006a9-9f2a-4246-b377-080eaea38b01,462f0b34-91ff-4313-8bd1-a996980d071b
0a2006a9-9f2a-4246-b377-080eaea38b01,2fd8f2ea-f2e7-407b-a6c6-aba096e1db08
0a2006a9-9f2a-4246-b377-080eaea38b01,e24f5dfe-825d-4e19-9deb-9044442ce445
0a2006a9-9f2a-4246-b377-080eaea38b01,fe8085bb-5c90-44ab-9afe-4afbeae27011
0a2006a9-9f2a-4246-b377-080eaea38b01,388b618c-17d1-4d29-a114-b82844e178eb
0a2006a9-9f2a-4246-b377-080eaea38b01,a48a3c4a-4391-4382-9235-f2461425c7b0
0a2006a9-9f2a-4246-b377-080eaea38b01,84401c0e-faf6-4298-ba3c-2fc6156aed3b
0a2006a9-9f2a-4246-b377-080eaea38b01,59f6df86-fd47-4300-8a0d-d9655e428f28
0a2006a9-9f2a-4246-b377-080eaea38b01,5eb1d9a5-be91-45f1-90ea-85cb1caea68d
0a2006a9-9f2a-4246-b377-080eaea38b01,4ea41474-90b4-405c-b1dd-a6a5f19d4c7e
0a2006a9-9f2a-4246-b377-080eaea38b01,1cfd6f32-db9c-4a5f-bebc-5b97cd5ff160
0a2006a9-9f2a-4246-b377-080eaea38b01,9e5090ba-e05a-4e76-8300-1b47c510af2e
0a2006a9-9f2a-4246-b377-080eaea38b01,e8070e51-f345-4e4e-a3a0-977ff25d935d
0a2006a9-9f2a-4246-b377-080eaea38b01,0b4cfb86-fba6-4000-9d2c-fd0021e4f1cb
0a2006a9-9f2a-4246-b377-080eaea38b01,89840370-565b-45f3-ba6d-352c7245aeea
0a2006a9-9f2a-4246-b377-080eaea38b01,63f94b2b-a03d-4f58-bf55-af6964111ce3
0a2006a9-9f2a-4246-b377-080eaea38b01,dc10d687-353e-44a3-9065-a144c99da51f
0a2006a9-9f2a-4246-b377-080eaea38b01,2482a15c-8f45-4872-8a0a-7507c420ee4c
0a2006a9-9f2a-4246-b377-080eaea38b01,01f27909-1c01-4d53-b5be-2744d74b9f1c
0a2006a9-9f2a-4246-b377-080eaea38b01,5cd5bba8-34fe-445d-abdb-78acd550d6a2
0a2006a9-9f2a-4246-b377-080eaea38b01,48a4dbfe-770a-424b-925c-3bd9cef9a34d
0a2006a9-9f2a-4246-b377-080eaea38b01,b4af0433-a80c-4bd0-92dd-2ec3f2c5f88a
0a2006a9-9f2a-4246-b377-080eaea38b01,42dbe4f0-0b6e-47a8-9a4e-bff4ff535898
0a2006a9-9f2a-4246-b377-080eaea38b01,51922c6f-7052-446a-b6eb-dd8716a67a2d
0a2006a9-9f2a-4246-b377-080eaea38b01,bd0b3a78-6116-4914-ab6b-d2173eba1473
0a2006a9-9f2a-4246-b377-080eaea38b01,3408a142-c6e1-4389-a712-2e4c8be23648
0a2006a9-9f2a-4246-b377-080eaea38b01,c6b95a8a-5406-490a-af05-7180abcf21c7
0a2006a9-9f2a-4246-b377-080eaea38b01,a7d9bcaa-5224-4c8e-94b7-c426bd07c006
0a2006a9-9f2a-4246-b377-080eaea38b01,90135883-2dfa-4c26-92c1-1477bbd13a9a
0a2006a9-9f2a-4246-b377-080eaea38b01,a2aa710a-c241-4e73-97a6-0414819041de
0a2006a9-9f2a-4246-b377-080eaea38b01,e8d94a54-5416-442d-b8bf-fe4f840e133b
0a2006a9-9f2a-4246-b377-080eaea38b01,2b64d48a-c761-4b2e-a455-127063c85218
0a2006a9-9f2a-4246-b377-080eaea38b01,8d747f58-7b5b-404f-a1d8-b193e559d227
0a2006a9-9f2a-4246-b377-080eaea38b01,4062d0de-190e-411b-887d-0bf7dec4062a
0a2006a9-9f2a-4246-b377-080eaea38b01,9a285e1c-1288-49f0-a3e2-83399b3ffc3b
0a2006a9-9f2a-4246-b377-080eaea38b01,b714e75a-7a93-48cf-b092-26f828010ee5
0a2006a9-9f2a-4246-b377-080eaea38b01,d4cb10be-b491-4398-93e6-fec29101079a
0a2006a9-9f2a-4246-b377-080eaea38b01,a1170630-f091-4565-a744-18f24fe9e09a
0a2006a9-9f2a-4246-b377-080eaea38b01,c98ec5a4-de1c-4acb-b97c-70f0158adb8b
0a2006a9-9f2a-4246-b377-080eaea38b01,94818785-6fb9-4293-a7ed-adea4be4b3b2
0a2006a9-9f2a-4246-b377-080eaea38b01,3ab88de9-5b30-47b1-84a0-30b2e13fe533
0a2006a9-9f2a-4246-b377-080eaea38b01,3c26ada3-7572-4259-9cc2-839aa7b91dc4
0a2006a9-9f2a-4246-b377-080eaea38b01,618816f1-95d2-4ad2-9b90-a34e10654dc5
0a2006a9-9f2a-4246-b377-080eaea38b01,393483f6-5a8f-4808-90e7-a742f4859b5c
0a2006a9-9f2a-4246-b377-080eaea38b01,634b2dab-363e-4202-bd84-a236cb136482
0a2006a9-9f2a-4246-b377-080eaea38b01,df977e0d-745e-46fe-8dbd-d7bd3b6662da
0a2006a9-9f2a-4246-b377-080eaea38b01,fedac5f3-c126-4248-ae70-a7b70013ddab
0a2006a9-9f2a-4246-b377-080eaea38b01,3f90a60d-de35-4f79-9790-ff7664345efa
0a2006a9-9f2a-4246-b377-080eaea38b01,424f8286-cedb-4501-8f49-a4e2edfafa17
0a2006a9-9f2a-4246-b377-080eaea38b01,4d2406da-5d14-4391-835f-1d20eb522220
0a2006a9-9f2a-4246-b377-080eaea38b01,854cca85-f2f0-44d0-b182-8a88862cd379
0a2006a9-9f2a-4246-b377-080eaea38b01,b11b68fa-7048-414e-8373-b6b4295212c1
0a2006a9-9f2a-4246-b377-080eaea38b01,73df8cc4-544a-4433-acaa-e67c14dc8716
0a2006a9-9f2a-4246-b377-080eaea38b01,dce76841-0d9f-4464-8f1a-aeef441239c3
0a2006a9-9f2a-4246-b377-080eaea38b01,940bed11-7e42-43a1-a0f0-ecb6e4002dc4
0a2006a9-9f2a-4246-b377-080eaea38b01,b546aa37-c5f1-4129-a024-ecbf6222662c
0a2006a9-9f2a-4246-b377-080eaea38b01,f416e37d-5783-47c9-91e1-93a57e23265d
0a2006a9-9f2a-4246-b377-080eaea38b01,86987e69-15fd-4768-acfc-7917e58b979d
0a2006a9-9f2a-4246-b377-080eaea38b01,300d6713-6206-400e-b2f5-39c74d910e5b
0a2006a9-9f2a-4246-b377-080eaea38b01,0407f20a-955f-45e3-a844-566c08ef621f
0a2006a9-9f2a-4246-b377-080eaea38b01,5ae120f1-451d-4bfc-8ec3-c967657244ed
0a2006a9-9f2a-4246-b377-080eaea38b01,0ed83033-f512-4696-b44c-7f5c5e821f95
0a2006a9-9f2a-4246-b377-080eaea38b01,7c52dcab-6bfa-434f-98c1-d951d80d5573
0a2006a9-9f2a-4246-b377-080eaea38b01,2c1a2001-de0b-4780-ac8a-b11c78a8d948
0a2006a9-9f2a-4246-b377-080eaea38b01,976471c4-0869-4825-b9d8-92f392e29cdd
0a2006a9-9f2a-4246-b377-080eaea38b01,c18c03d5-fecd-4849-a65f-388f5390aa97
0a2006a9-9f2a-4246-b377-080eaea38b01,55c8054b-899f-477e-9bd3-a3550f4d133c
0a2006a9-9f2a-4246-b377-080eaea38b01,d584a35d-e9b9-4940-925c-eeb3a51471b1
0a2006a9-9f2a-4246-b377-080eaea38b01,ba2c2005-87b3-42b5-98ae-1d5e8299627b
0a2006a9-9f2a-4246-b377-080eaea38b01,ec6ac845-391d-44d8-9c80-9feacb7446ad
0a2006a9-9f2a-4246-b377-080eaea38b01,a7dee9e3-1de2-4259-a76d-9ce849f451e9
0a2006a9-9f2a-4246-b377-080eaea38b01,ce125d45-a7dd-4d5d-b456-cf4c4a6fcacd
0a2006a9-9f2a-4246-b377-080eaea38b01,b3398c1d-a1aa-4322-97ec-20a04ef85c55
0a2006a9-9f2a-4246-b377-080eaea38b01,c19aaafa-9ef2-428d-b156-5fcdd8175fbc
0a2006a9-9f2a-4246-b377-080eaea38b01,8f222065-fa05-4bd2-a48b-f3f8afc44d40
0a2006a9-9f2a-4246-b377-080eaea38b01,255f9060-fe4d-4204-8f2b-8e99b55e0195
0a2006a9-9f2a-4246-b377-080eaea38b01,8ede994f-0376-41da-a66f-ff8f737c98f8
0a2006a9-9f2a-4246-b377-080eaea38b01,b779cd72-e7ba-45a5-8741-cf347331ee8d
0a2006a9-9f2a-4246-b377-080eaea38b01,7ddb758b-d39d-4d5b-a0c4-fb783ed8ca5d
0a2006a9-9f2a-4246-b377-080eaea38b01,e748381b-720e-41ac-bc1f-87301b25e09b
0a2006a9-9f2a-4246-b377-080eaea38b01,6a43be5f-7b5f-4ebd-ac3b-5a48c1eb0565
0a2006a9-9f2a-4246-b377-080eaea38b01,45731216-9aa6-44b9-8f08-a42f43bf4bb1
0a2006a9-9f2a-4246-b377-080eaea38b01,7aed62f7-f1f0-4f27-922e-d783b699bc1d
0a2006a9-9f2a-4246-b377-080eaea38b01,da9296a0-0770-4679-88b9-004f58890b5e
0a2006a9-9f2a-4246-b377-080eaea38b01,2d0bac7b-88b7-40a8-8dea-6e91d16a9b05
0a2006a9-9f2a-4246-b377-080eaea38b01,81cd873d-b9b5-4d81-8caa-cd9102d84df5
0a2006a9-9f2a-4246-b377-080eaea38b01,3f3e88b6-6c73-4a6d-a14f-6ce542285ec8
0a2006a9-9f2a-4246-b377-080eaea38b01,6bbd2ef9-e058-4c8f-9bae-a460373387e0
0a2006a9-9f2a-4246-b377-080eaea38b01,529f9f2e-bfdf-4306-a740-5d53c5d07da1
0a2006a9-9f2a-4246-b377-080eaea38b01,696a30cc-f391-418e-acee-f7fca702081c
0a2006a9-9f2a-4246-b377-080eaea38b01,073fa9c2-9c47-4225-8ad6-3dafc2c9edf4
0a2006a9-9f2a-4246-b377-080eaea38b01,2808cd60-d9de-480d-a80b-3496c6f9df84
0a2006a9-9f2a-4246-b377-080eaea38b01,6abbf7b7-ae77-45bd-8cae-a2f5cc000aa7
0a2006a9-9f2a-4246-b377-080eaea38b01,a07276c9-1301-4cce-b2d7-e773204719ec
0a2006a9-9f2a-4246-b377-080eaea38b01,9a2661cf-a4f3-44e9-bb81-b453aaabc23f
0a2006a9-9f2a-4246-b377-080eaea38b01,e758717d-c52d-4abb-864a-68134c25d775
0a2006a9-9f2a-4246-b377-080eaea38b01,56e00b79-1d6e-4bf9-9b9e-584948ffb647
0a2006a9-9f2a-4246-b377-080eaea38b01,00845490-0897-4286-9ccb-c73fae4b17c2
0a2006a9-9f2a-4246-b377-080eaea38b01,c2911b61-dd27-4986-8425-9ddbaaafca63
0a2006a9-9f2a-4246-b377-080eaea38b01,4cfefaa6-a45a-4b6b-9359-339653bac0c2
0a2006a9-9f2a-4246-b377-080eaea38b01,f6d5e32c-a813-4fe0-8cdb-11728f2855e4
0a2006a9-9f2a-4246-b377-080eaea38b01,09709356-9d94-4db5-8923-ce38843b14fe
0a2006a9-9f2a-4246-b377-080eaea38b01,50db2dba-52bc-40bf-932d-ea9740f9405f
0a2006a9-9f2a-4246-b377-080eaea38b01,13b1bd50-6218-4c51-afe5-0217f975b63d
0a2006a9-9f2a-4246-b377-080eaea38b01,ce6e8960-205f-476a-8330-2a5b9fa502d2
0a2006a9-9f2a-4246-b377-080eaea38b01,86727bc6-f6c9-42f8-9a18-b23d8e56f276
0a2006a9-9f2a-4246-b377-080eaea38b01,3df389e7-9dca-43e7-978e-55bd85472f01
0a2006a9-9f2a-4246-b377-080eaea38b01,8ea1b4dd-2f08-4c52-903b-580bea82a836
0a2006a9-9f2a-4246-b377-080eaea38b01,3bd92c11-8f05-4874-a070-3a65f428764c
0a2006a9-9f2a-4246-b377-080eaea38b01,40afc871-45b2-41aa-804c-9d803faf0d66
0a2006a9-9f2a-4246-b377-080eaea38b01,941cef0c-bc80-46fd-8611-cb5757f1325e
0a2006a9-9f2a-4246-b377-080eaea38b01,fd246504-9ab7-4f05-9a37-4fcd04e11fa8
0a2006a9-9f2a-4246-b377-080eaea38b01,5c626a44-f91c-4f45-928d-0f4e6ccf32d6
0a2006a9-9f2a-4246-b377-080eaea38b01,f63236b8-9394-4f81-926f-f82bfa56b9a6
0a2006a9-9f2a-4246-b377-080eaea38b01,96689a1a-3783-4bd2-aac6-88a7418a8ee9
0a2006a9-9f2a-4246-b377-080eaea38b01,563e13b1-0870-4112-bc92-bdf1a1a0aa35
0a2006a9-9f2a-4246-b377-080eaea38b01,8172088c-b926-4ef6-a77f-0f8a1ff178f6
0a2006a9-9f2a-4246-b377-080eaea38b01,b38377d0-d104-4976-b23e-f47181ca5927
0a2006a9-9f2a-4246-b377-080eaea38b01,3583edd0-d914-40fb-a77f-8d1ab2e170c9
0a2006a9-9f2a-4246-b377-080eaea38b01,9646e133-3032-4f04-a697-459344c3219b
0a2006a9-9f2a-4246-b377-080eaea38b01,c74fe2db-92c9-45e9-b517-81a554a951ff
0a2006a9-9f2a-4246-b377-080eaea38b01,ab7da87d-3f93-4a5c-b3ad-3ff0c2ddb6ee
0a2006a9-9f2a-4246-b377-080eaea38b01,11fa5474-1667-49bb-a23a-ebe6f0e001d3
0a2006a9-9f2a-4246-b377-080eaea38b01,e8a45542-ea85-4e38-a78d-3ba313b68a7b
0a2006a9-9f2a-4246-b377-080eaea38b01,034a43fe-ae26-4053-ae56-d61c5acff349
0a2006a9-9f2a-4246-b377-080eaea38b01,452cfd82-eff9-49f1-a818-8588376d5a28
0a2006a9-9f2a-4246-b377-080eaea38b01,8d7e20a1-b45e-4764-9760-e8a587775733
0a2006a9-9f2a-4246-b377-080eaea38b01,b34b7c0e-103b-4936-854f-6c3ee21d3afd
0a2006a9-9f2a-4246-b377-080eaea38b01,163087db-03b0-4b31-ab69-cd74db510a5c
0a2006a9-9f2a-4246-b377-080eaea38b01,898e787d-450c-4c39-af9e-1d4b5f937fbe
0a2006a9-9f2a-4246-b377-080eaea38b01,f8a8f5e6-7156-4d0a-8b5b-96e69287171c
0a2006a9-9f2a-4246-b377-080eaea38b01,2ddaef0a-78c0-4132-bd76-953d9437dcb0
0a2006a9-9f2a-4246-b377-080eaea38b01,a48f6e55-eb50-41b6-9b5e-873b43f11635
0a2006a9-9f2a-4246-b377-080eaea38b01,70c5a2ea-470a-40f7-a5d5-7c45d1b8a5e9
0a2006a9-9f2a-4246-b377-080eaea38b01,40f0e744-668b-4496-925a-0388a71f1215
0a2006a9-9f2a-4246-b377-080eaea38b01,6cdf1a23-1500-43c2-8b9b-c0286d6bcfb5
0a2006a9-9f2a-4246-b377-080eaea38b01,79f581b9-90a1-4ddc-8980-e68e442c9948
0a2006a9-9f2a-4246-b377-080eaea38b01,5e613645-2763-4517-951c-01de5384866f
0a2006a9-9f2a-4246-b377-080eaea38b01,cb81eabc-2715-4396-86bd-4f469ae771ae
0a2006a9-9f2a-4246-b377-080eaea38b01,86869922-bb08-44c3-8fa5-1c1ebb156204
0a2006a9-9f2a-4246-b377-080eaea38b01,f19f3ef8-f3d4-46f2-b9ab-5c83670d5db0
0a2006a9-9f2a-4246-b377-080eaea38b01,6d5703eb-98c9-4d30-a4a6-8ef281d5ec7e
0a2006a9-9f2a-4246-b377-080eaea38b01,2d833e06-4190-4aea-82b4-a8a25900128a
0a2006a9-9f2a-4246-b377-080eaea38b01,feb901de-2935-4639-ab65-6bab59d58a90
0a2006a9-9f2a-4246-b377-080eaea38b01,225b115a-7d2c-4a07-a521-3f49c1fd9ac4
0a2006a9-9f2a-4246-b377-080eaea38b01,7336341c-fa5d-44cb-b81e-92cf5ae306c5
0a2006a9-9f2a-4246-b377-080eaea38b01,920fef9d-6f43-4a79-8fb7-49c54f3fd5ef
0a2006a9-9f2a-4246-b377-080eaea38b01,089b10c8-9ffc-412c-9655-325d2c782097
0a2006a9-9f2a-4246-b377-080eaea38b01,3ecbb352-931e-4816-84a4-1303839effd1
0a2006a9-9f2a-4246-b377-080eaea38b01,ad0da8ba-5670-4930-8c1c-86b44f638d4d
0a2006a9-9f2a-4246-b377-080eaea38b01,40ebc16f-8d5d-4edd-a5d2-3193598d8cc1
0a2006a9-9f2a-4246-b377-080eaea38b01,82723b2b-582b-4a0f-b48a-83a6b956f80f
0a2006a9-9f2a-4246-b377-080eaea38b01,d20d0ddd-82ea-419b-93e6-f8de32de8a35
0a2006a9-9f2a-4246-b377-080eaea38b01,dde7e650-b32c-484c-ba58-bcff9a18c4fa
0a2006a9-9f2a-4246-b377-080eaea38b01,90d0c36f-556c-4425-984e-61ae82aa0b6d
0a2006a9-9f2a-4246-b377-080eaea38b01,4bcb5102-9d71-40d5-8174-5c9cb98ccedd
0a2006a9-9f2a-4246-b377-080eaea38b01,b056b83a-b959-458a-93de-12146f273a98
0a2006a9-9f2a-4246-b377-080eaea38b01,ef3ea6f0-d95f-4f54-b348-dfe0190155e7
0a2006a9-9f2a-4246-b377-080eaea38b01,53752d0c-7327-4872-899f-c5fbd7f5eed6
0a2006a9-9f2a-4246-b377-080eaea38b01,38ff3b9a-319b-4034-bd70-efcb223fc726
0a2006a9-9f2a-4246-b377-080eaea38b01,8c87be83-8c6f-483c-9c4d-e3fca5fe3351
0a2006a9-9f2a-4246-b377-080eaea38b01,840c9dfd-fe41-4c29-b5ce-3c0c04a91766
0a2006a9-9f2a-4246-b377-080eaea38b01,d7ff011b-1061-47a2-9f2c-3a6fbeb702e3
0a2006a9-9f2a-4246-b377-080eaea38b01,c3c40c96-b39e-4f6c-b2ca-386fe4f74215
0a2006a9-9f2a-4246-b377-080eaea38b01,0a1d432d-a620-4fd0-a4d5-73e3ea2252d8
0a2006a9-9f2a-4246-b377-080eaea38b01,71805f3b-657e-429c-9540-547cbf44e867
0a2006a9-9f2a-4246-b377-080eaea38b01,7aeb651e-1a95-4d9d-950b-516daf904652
0a2006a9-9f2a-4246-b377-080eaea38b01,0eafd055-7105-4972-ab62-22248bf0549a
0a2006a9-9f2a-4246-b377-080eaea38b01,c44a3fcb-8070-4e32-9af3-c4e9f8accb04
0a2006a9-9f2a-4246-b377-080eaea38b01,e7478f2b-d777-4bf5-b40b-8181d3ee5ac3
0a2006a9-9f2a-4246-b377-080eaea38b01,525fb6fc-cd72-458a-b3a7-c714828fe2b1
0a2006a9-9f2a-4246-b377-080eaea38b01,c2a14b54-682a-4586-815b-1ee8329c226b
0a2006a9-9f2a-4246-b377-080eaea38b01,678b6238-079f-4015-bc2f-ee389107a7a4
0a2006a9-9f2a-4246-b377-080eaea38b01,3a001aeb-5d94-4664-94fc-0e49408a5e80
0a2006a9-9f2a-4246-b377-080eaea38b01,eb8908bb-e1d4-4d12-a082-85eb78cda4e5
0a2006a9-9f2a-4246-b377-080eaea38b01,e9d5c133-f45a-4ea7-abd3-6981a877d84a
0a2006a9-9f2a-4246-b377-080eaea38b01,66b97e65-b2ce-46d0-a5bf-f246d1920e2c
0a2006a9-9f2a-4246-b377-080eaea38b01,8b2352cd-0965-4e1a-9218-cc4389be1054
0a2006a9-9f2a-4246-b377-080eaea38b01,7d6c62aa-79a2-4373-bba2-d6ebb0e84452
0a2006a9-9f2a-4246-b377-080eaea38b01,dc962124-caf6-4458-9677-98a00604c092
0a2006a9-9f2a-4246-b377-080eaea38b01,c4099c25-2f50-4559-aa1f-0f5c0a214fdf
0a2006a9-9f2a-4246-b377-080eaea38b01,45958808-7e17-4ed6-a63a-5f6d5d22abd4
0a2006a9-9f2a-4246-b377-080eaea38b01,f1803e32-8f10-4035-bb00-d1f6a28a347f
0a2006a9-9f2a-4246-b377-080eaea38b01,6ee49f00-048f-4e98-92bf-9e3806e74168
0a2006a9-9f2a-4246-b377-080eaea38b01,1e8bfc98-dda9-464f-9d8c-5de15681214b
0a2006a9-9f2a-4246-b377-080eaea38b01,f2060c8e-c06b-4213-b38c-743fa47155ce
0a2006a9-9f2a-4246-b377-080eaea38b01,e9b5746a-b185-4d21-a7cc-d78d73da4533
0a2006a9-9f2a-4246-b377-080eaea38b01,f4a01f14-23ae-4470-8951-900ce6d35197
0a2006a9-9f2a-4246-b377-080eaea38b01,8d8c76f6-f9db-477b-81d0-d2e038ac80e0
0a2006a9-9f2a-4246-b377-080eaea38b01,a9c3ad22-db55-46d4-a5eb-955941db50d2
0a2006a9-9f2a-4246-b377-080eaea38b01,e8a82d94-9e99-4d11-b8cc-2a295dcbc463
0a2006a9-9f2a-4246-b377-080eaea38b01,57f2e639-68cc-4bbb-90c8-68cd11a64011
0a2006a9-9f2a-4246-b377-080eaea38b01,ed184755-8726-489e-b28d-47c5ce70b5ac
0a2006a9-9f2a-4246-b377-080eaea38b01,ad4885d3-e73a-4062-b38e-776501b2114c
0a2006a9-9f2a-4246-b377-080eaea38b01,bc3aecd7-5944-4997-b78f-3ae4c8debfe7
0a2006a9-9f2a-4246-b377-080eaea38b01,86fe3760-1d94-49c4-8f28-efbaf55555d9
0a2006a9-9f2a-4246-b377-080eaea38b01,56e3e9bd-d5c3-4a6a-8906-64544bbd0eed
0a2006a9-9f2a-4246-b377-080eaea38b01,515fba00-999e-4163-93e4-61dda159e6db
0a2006a9-9f2a-4246-b377-080eaea38b01,6aa08cda-d337-45ff-a683-42edbed5ce06
0a2006a9-9f2a-4246-b377-080eaea38b01,cdd9bd42-6295-4423-8c46-2ddb7a294f20
0a2006a9-9f2a-4246-b377-080eaea38b01,85712e8f-f145-443b-b70e-c7d9eb7b6c3d
0a2006a9-9f2a-4246-b377-080eaea38b01,079d80ba-ccb1-4177-8cab-1341557ce615
0a2006a9-9f2a-4246-b377-080eaea38b01,9a10a182-26a8-43bc-ad1b-b77b01bdeda8
0a2006a9-9f2a-4246-b377-080eaea38b01,c94c4ff8-d648-457e-bb42-eaec5dbb93c0
0a2006a9-9f2a-4246-b377-080eaea38b01,2c86f946-32d7-41aa-8dd7-96183699f797
0a2006a9-9f2a-4246-b377-080eaea38b01,68bb149f-313c-4bea-80d8-de2b1e0fdd34
0a2006a9-9f2a-4246-b377-080eaea38b01,24d51aaf-c19a-4dfe-b1d6-ff921dbd2e23
0a2006a9-9f2a-4246-b377-080eaea38b01,b07c3747-ac55-4750-9229-f280203cec0c
0a2006a9-9f2a-4246-b377-080eaea38b01,ed1b2eb8-8386-465f-b305-bca725454ced
0a2006a9-9f2a-4246-b377-080eaea38b01,d4489d8c-d680-442e-9dfd-5a5d40d82e57
0a2006a9-9f2a-4246-b377-080eaea38b01,0b577b53-a9d2-487f-9876-d4569504756f
0a2006a9-9f2a-4246-b377-080eaea38b01,b0d11d62-1ccc-42db-93f2-7520d73c8cea
0a2006a9-9f2a-4246-b377-080eaea38b01,e77cf354-ecf1-464a-8e00-0e79ebc1475d
0a2006a9-9f2a-4246-b377-080eaea38b01,5c529862-5476-46ea-a96b-ff103a4edbf0
0a2006a9-9f2a-4246-b377-080eaea38b01,a190d403-7634-43ad-81a0-db1b7344b734
0a2006a9-9f2a-4246-b377-080eaea38b01,0ed83ae4-19bc-4666-88bb-146b98a2e6c8
0a2006a9-9f2a-4246-b377-080eaea38b01,7184a120-ef3d-47fd-8271-6f7347f154b1
0a2006a9-9f2a-4246-b377-080eaea38b01,0d993df4-3baf-47ab-bbc1-fc7e12187097
0a2006a9-9f2a-4246-b377-080eaea38b01,bf260a81-de77-4d15-b7b8-30e035597084
0a2006a9-9f2a-4246-b377-080eaea38b01,d9780853-0eca-4b00-af57-3494a16ae74c
0a2006a9-9f2a-4246-b377-080eaea38b01,3d62dc27-b16e-4a78-be3d-167dd4a1b58e
0a2006a9-9f2a-4246-b377-080eaea38b01,0c985ddf-d0da-4734-a2e5-06873b1e4da9
0a2006a9-9f2a-4246-b377-080eaea38b01,3fe999a7-851b-4290-800b-2c63130517b9
0a2006a9-9f2a-4246-b377-080eaea38b01,3d259931-f24a-40ce-beaa-168f570b79cb
0a2006a9-9f2a-4246-b377-080eaea38b01,7ad479fb-648b-4c47-aa0a-22ff570824b0
0a2006a9-9f2a-4246-b377-080eaea38b01,6ca560be-25d0-48ee-bfa1-fa78187c0098
0a2006a9-9f2a-4246-b377-080eaea38b01,62afae34-a1f9-471e-ac1a-6a4ee87a102f
0a2006a9-9f2a-4246-b377-080eaea38b01,54dd9056-823f-48f7-83b0-edc558523f0d
0a2006a9-9f2a-4246-b377-080eaea38b01,cd2a8d9f-1589-4902-99c1-0d1e6efd07d1
0a2006a9-9f2a-4246-b377-080eaea38b01,afe40f7e-bb19-43bc-8101-fed4675d1b00
0a2006a9-9f2a-4246-b377-080eaea38b01,a8146829-c71a-49ef-b60c-17b68ff55ba3
0a2006a9-9f2a-4246-b377-080eaea38b01,c7001d42-74c9-47eb-bed2-7a82b1d999ff
0a2006a9-9f2a-4246-b377-080eaea38b01,09761e54-eb28-4605-aa68-0823cb9a2b26
0a2006a9-9f2a-4246-b377-080eaea38b01,9cad844c-94d0-498a-8470-fa67898cc7d7
0a2006a9-9f2a-4246-b377-080eaea38b01,e0dd2948-8123-4d81-93d4-b8f83fd06c83
0a2006a9-9f2a-4246-b377-080eaea38b01,004fddf7-4408-4e6c-935a-f5481d18f99a
0a2006a9-9f2a-4246-b377-080eaea38b01,5ba3621b-7419-4f1f-a3f1-16430139d97d
0a2006a9-9f2a-4246-b377-080eaea38b01,c393e1b8-23db-444f-94d5-b9981051ba26
0a2006a9-9f2a-4246-b377-080eaea38b01,074a94ec-cd34-4fd1-89bd-d8dc5389a17d
0a2006a9-9f2a-4246-b377-080eaea38b01,56c53ab8-59db-4f85-ba63-cbb95eca93e1
0a2006a9-9f2a-4246-b377-080eaea38b01,23bb869c-98ba-4aca-8c3d-8a36194bc83b
0a2006a9-9f2a-4246-b377-080eaea38b01,3fba3261-f46a-4e2a-adbd-4db3bdc04044
0a2006a9-9f2a-4246-b377-080eaea38b01,45f537a6-b7f4-4cae-a6d5-0b47ffa9ae15
0a2006a9-9f2a-4246-b377-080eaea38b01,8e60038a-5d7b-4029-860f-399417e9a46f
0a2006a9-9f2a-4246-b377-080eaea38b01,607c4a73-8968-4f6c-8b65-db728c165459
0a2006a9-9f2a-4246-b377-080eaea38b01,c1d30e15-6beb-426f-8b77-4a56a6aae4b4
0a2006a9-9f2a-4246-b377-080eaea38b01,37d350cc-112f-4228-9062-067f0b2ae853
0a2006a9-9f2a-4246-b377-080eaea38b01,877efbf7-ef3d-46b1-b65a-0546f478945a
0a2006a9-9f2a-4246-b377-080eaea38b01,441f0626-5e39-408d-b9c7-049249838703
0a2006a9-9f2a-4246-b377-080eaea38b01,45d0bf26-4503-45ff-9856-8caa33ad363f
0a2006a9-9f2a-4246-b377-080eaea38b01,12b672ce-b219-4783-bf5d-e32f9f2085a8
0a2006a9-9f2a-4246-b377-080eaea38b01,16733b18-707c-4486-a845-e41857a168ab
0a2006a9-9f2a-4246-b377-080eaea38b01,4c9a34bb-3c63-41a4-8c5d-e3b3ba617950
0a2006a9-9f2a-4246-b377-080eaea38b01,29cb44d6-c8be-4c2b-aba0-6461c29ada8e
0a2006a9-9f2a-4246-b377-080eaea38b01,841986f9-ca0b-40d7-a4a7-26d7714534ce
0a2006a9-9f2a-4246-b377-080eaea38b01,b3782ce2-8806-4361-9654-88c85f8c5f60
0a2006a9-9f2a-4246-b377-080eaea38b01,99e0fcf2-5b29-457c-a751-0380f8324328
0a2006a9-9f2a-4246-b377-080eaea38b01,56dd64b6-32c4-405f-ab25-616c17734022
0a2006a9-9f2a-4246-b377-080eaea38b01,bbb597d7-49b8-473e-84fb-c2c0fc53f36b
0a2006a9-9f2a-4246-b377-080eaea38b01,5936a41c-217c-4a91-af02-b2cc8fe4dc4a
0a2006a9-9f2a-4246-b377-080eaea38b01,d7883b89-4ad9-48f3-a31f-97242c16a201
0a2006a9-9f2a-4246-b377-080eaea38b01,48f157f0-ecae-4ae5-ae5c-24f288817167
0a2006a9-9f2a-4246-b377-080eaea38b01,a6886010-6bd0-4ae9-83e9-fc4a276a500b
0a2006a9-9f2a-4246-b377-080eaea38b01,ef2d5e2e-9b0e-4b7d-a1ba-0f59bbf411df
0a2006a9-9f2a-4246-b377-080eaea38b01,e37c8cf1-e96c-4cdb-a7a7-b617f5aff75f
0a2006a9-9f2a-4246-b377-080eaea38b01,44a0cb28-9eeb-49c5-9b22-9d241e60f480
0a2006a9-9f2a-4246-b377-080eaea38b01,e5c7db7b-ef15-4635-97b5-3965924ec23a
0a2006a9-9f2a-4246-b377-080eaea38b01,a9e8dcb4-6f28-4bcb-9606-3dcd98bcb529
0a2006a9-9f2a-4246-b377-080eaea38b01,62435a5f-d843-46d4-91bc-cc444c40a694
0a2006a9-9f2a-4246-b377-080eaea38b01,0a18353e-01b2-404e-8a3e-dcccba625962
0a2006a9-9f2a-4246-b377-080eaea38b01,dad5cb2e-b34e-4cf7-ac84-fb53a12c8dc0
0a2006a9-9f2a-4246-b377-080eaea38b01,1ea43513-46e8-4d8f-8618-b79e22e29619
0a2006a9-9f2a-4246-b377-080eaea38b01,69f16e93-308d-471b-8fd7-66a46d7550aa
0a2006a9-9f2a-4246-b377-080eaea38b01,8c26795d-83af-4e14-ae5e-2801a89bc350
0a2006a9-9f2a-4246-b377-080eaea38b01,3687e875-86d9-470c-9296-13f49407093e
0a2006a9-9f2a-4246-b377-080eaea38b01,74030b1b-a8a1-42dd-8da1-d69f9874cdd1
0a2006a9-9f2a-4246-b377-080eaea38b01,ae1fe592-2218-4a7b-80a2-5ab67feaf105
0a2006a9-9f2a-4246-b377-080eaea38b01,6698dccf-41c9-4d19-8492-da7cc94b3214
0a2006a9-9f2a-4246-b377-080eaea38b01,d979082f-4d4c-4198-b5d9-d040c85a9444
0a2006a9-9f2a-4246-b377-080eaea38b01,d41e021c-0046-45d2-8436-40d1fac3f5a4
0a2006a9-9f2a-4246-b377-080eaea38b01,56926c49-a381-414d-be46-8458e2aa1c5f
0a2006a9-9f2a-4246-b377-080eaea38b01,adac19e1-9732-4597-af1a-772cf200a84c
0a2006a9-9f2a-4246-b377-080eaea38b01,c55fcde9-9c00-4c00-b499-b2a941c521a5
0a2006a9-9f2a-4246-b377-080eaea38b01,f0e4017b-97a1-4b46-9d54-e207707958fb
0a2006a9-9f2a-4246-b377-080eaea38b01,40ebd352-0624-4741-a861-df1e9e4a0402
0a2006a9-9f2a-4246-b377-080eaea38b01,0cfa36dc-9d0e-4c0e-b7e4-61ef9dccc7a2
0a2006a9-9f2a-4246-b377-080eaea38b01,1a370683-c412-4d3e-ac8d-05c5417603fa
0a2006a9-9f2a-4246-b377-080eaea38b01,67a580f9-f53e-462a-8cb0-0a2eac7cd33f
0a2006a9-9f2a-4246-b377-080eaea38b01,47581ec0-2aa5-4dc7-b095-e9a1295c857e
0a2006a9-9f2a-4246-b377-080eaea38b01,d359a491-2f58-4c0a-91e7-7042638a9ef0
0a2006a9-9f2a-4246-b377-080eaea38b01,12b3fadb-a50c-40e0-9fc5-22cc5827eba1
0a2006a9-9f2a-4246-b377-080eaea38b01,968efc74-52b5-467d-812f-92d144c42d31
0a2006a9-9f2a-4246-b377-080eaea38b01,b43b8225-b7b1-41e5-95ff-7fb431c08ac1
0a2006a9-9f2a-4246-b377-080eaea38b01,d2dd2d52-10c3-47ee-a01d-8ed09c2d3944
0a2006a9-9f2a-4246-b377-080eaea38b01,4efb00b3-79ad-4f96-b67a-ad36e2e08356
0a2006a9-9f2a-4246-b377-080eaea38b01,d3268eb7-dbe7-4b51-8165-2ada65951e42
0a2006a9-9f2a-4246-b377-080eaea38b01,488628b2-94f6-4699-8d2a-903376aefff7
0a2006a9-9f2a-4246-b377-080eaea38b01,096bc06e-b554-4989-b4b8-1cf445decf32
0a2006a9-9f2a-4246-b377-080eaea38b01,21069a8e-2fad-4b2a-8660-13a097a2eb16
0a2006a9-9f2a-4246-b377-080eaea38b01,7d2374fe-6410-4354-89bd-66d5950aa113
0a2006a9-9f2a-4246-b377-080eaea38b01,b901377a-d652-4020-bbce-70c9bd6941cc
0a2006a9-9f2a-4246-b377-080eaea38b01,150ca36b-8cff-4150-ae4a-fa792cc52138
0a2006a9-9f2a-4246-b377-080eaea38b01,ef7b463c-409a-41eb-ab91-7044753ce359
0a2006a9-9f2a-4246-b377-080eaea38b01,10430100-9596-4395-a1a8-8d762e7e1a98
0a2006a9-9f2a-4246-b377-080eaea38b01,e049399d-895d-4dbc-a130-84defdcc5f44
0a2006a9-9f2a-4246-b377-080eaea38b01,b81f1c13-9753-4381-a7fc-f7d442c0809b
0a2006a9-9f2a-4246-b377-080eaea38b01,b4599c8b-2036-4ba6-8b6f-c7105f2fb04a
0a2006a9-9f2a-4246-b377-080eaea38b01,ad60bc94-476a-4df4-818a-1e2c37789f29
0a2006a9-9f2a-4246-b377-080eaea38b01,3c378bed-7d07-4b53-8505-e5f8f63482d9
0a2006a9-9f2a-4246-b377-080eaea38b01,e473f205-5c52-40d2-84dc-915c5f4a39fd
0a2006a9-9f2a-4246-b377-080eaea38b01,e73e3dec-618c-4a65-bfb2-39358e7b6247
0a2006a9-9f2a-4246-b377-080eaea38b01,1e360158-c56d-4995-9c01-458e41a6f843
0a2006a9-9f2a-4246-b377-080eaea38b01,981dcae1-a378-4a15-aafb-3be99f9c62f0
0a2006a9-9f2a-4246-b377-080eaea38b01,006190db-68eb-469f-9a9e-4a56c304a38e
0a2006a9-9f2a-4246-b377-080eaea38b01,3cdcd415-0fd6-4c73-8adb-31921282cd96
0a2006a9-9f2a-4246-b377-080eaea38b01,f22d80f6-ff30-46ae-af88-9e77ed6a1f48
0a2006a9-9f2a-4246-b377-080eaea38b01,ff33f1c8-a61a-443f-8f43-b5b8735513ff
0a2006a9-9f2a-4246-b377-080eaea38b01,aa87b2bf-66b0-4405-bacb-adb4f6fc6d80
0a2006a9-9f2a-4246-b377-080eaea38b01,569fd142-e989-4099-8e06-6a2c5c1409e5
0a2006a9-9f2a-4246-b377-080eaea38b01,833a1ff1-707f-47f9-b9ea-00783f74847b
0a2006a9-9f2a-4246-b377-080eaea38b01,cfa52a23-c663-4477-b359-83c73aaba253
0a2006a9-9f2a-4246-b377-080eaea38b01,58ac395e-0a26-4c5e-b771-3fe00581cc3e
0a2006a9-9f2a-4246-b377-080eaea38b01,49f2f368-ab74-468d-b4ef-6c2b3b50427f
0a2006a9-9f2a-4246-b377-080eaea38b01,c432b917-9b7d-4505-8693-29e7da7f6a57
0a2006a9-9f2a-4246-b377-080eaea38b01,bdecea17-5a55-410b-9580-a62522121007
0a2006a9-9f2a-4246-b377-080eaea38b01,58d7d961-ae3f-40ff-a828-68be4e15767a
0a2006a9-9f2a-4246-b377-080eaea38b01,1b05a09e-18bd-4a67-9b89-2d5d8bf5012a
0a2006a9-9f2a-4246-b377-080eaea38b01,b8996240-30f8-4044-a9cf-9c5957069a09
0a2006a9-9f2a-4246-b377-080eaea38b01,728e9bbb-3c6b-4ce5-963c-989c5740a5ba
0a2006a9-9f2a-4246-b377-080eaea38b01,751abb63-cc20-4086-b289-f78cabd4f5d1
0a2006a9-9f2a-4246-b377-080eaea38b01,e070f54e-0a72-4e9b-9167-39d48b35bd3e
0a2006a9-9f2a-4246-b377-080eaea38b01,35d2b95c-3faf-40ac-b48a-2be580757f37
0a2006a9-9f2a-4246-b377-080eaea38b01,0864dab7-8ed5-42a6-8b0e-110987b04222
0a2006a9-9f2a-4246-b377-080eaea38b01,e160b5ea-077f-4080-99b4-96f8f7b569ca
0a2006a9-9f2a-4246-b377-080eaea38b01,f243a052-f187-469e-9156-b63b28872625
0a2006a9-9f2a-4246-b377-080eaea38b01,39717d95-6d5e-494f-b89d-a8ffa9c84905
0a2006a9-9f2a-4246-b377-080eaea38b01,d2893ce6-387f-4b5f-b39c-0aff441e7f9b
0a2006a9-9f2a-4246-b377-080eaea38b01,23381ca6-d541-49f4-929f-a0aa5a9f654d
0a2006a9-9f2a-4246-b377-080eaea38b01,48383a90-d301-47ed-963e-fa1605193763
0a2006a9-9f2a-4246-b377-080eaea38b01,ad0fcc6e-e938-4bab-9b18-b17942543aca
0a2006a9-9f2a-4246-b377-080eaea38b01,c693f9e2-c096-4179-b113-fa026800683d
0a2006a9-9f2a-4246-b377-080eaea38b01,5c4fe89e-bb63-476e-a55c-8abafc5a3cb8
0a2006a9-9f2a-4246-b377-080eaea38b01,48efdc41-8c21-4b8c-8f5f-177e9353462a
0a2006a9-9f2a-4246-b377-080eaea38b01,1af266ee-c005-40ca-a90d-42668e14b477
0a2006a9-9f2a-4246-b377-080eaea38b01,bc223a37-bf42-4c38-aab9-8d646584d367
0a2006a9-9f2a-4246-b377-080eaea38b01,a57a09bc-df64-462c-945a-50fac90955ef
0a2006a9-9f2a-4246-b377-080eaea38b01,d40dcac0-5621-411d-b727-bd1e3b19012f
0a2006a9-9f2a-4246-b377-080eaea38b01,af9f4c08-536b-454b-b283-b8c224cfb594
0a2006a9-9f2a-4246-b377-080eaea38b01,a6e9f4dc-aca3-41f4-9768-9a24fef19fdc
0a2006a9-9f2a-4246-b377-080eaea38b01,54759b0a-22e8-47a6-b6cc-7a34475717ce
0a2006a9-9f2a-4246-b377-080eaea38b01,28812dbe-ae50-4929-8bb8-8e9ed8a90d64
0a2006a9-9f2a-4246-b377-080eaea38b01,bf72f00d-d642-40e7-ad37-38b427a622e4
0a2006a9-9f2a-4246-b377-080eaea38b01,88057f6a-fde0-4022-9b06-86e1c862f244
0a2006a9-9f2a-4246-b377-080eaea38b01,7394a871-01cc-4713-94c8-44e0a7aeabf9
0a2006a9-9f2a-4246-b377-080eaea38b01,6a82e0d2-14a7-4ac9-8881-6bddc1e5d3e4
0a2006a9-9f2a-4246-b377-080eaea38b01,64f56985-1a24-4c7a-af33-dd89324b9c90
0a2006a9-9f2a-4246-b377-080eaea38b01,2c5872f0-5580-4fae-ab0d-63acffe20251
0a2006a9-9f2a-4246-b377-080eaea38b01,0a754f1c-2737-4e60-ae49-10c750e3438f
0a2006a9-9f2a-4246-b377-080eaea38b01,adf59d1a-14a5-4afa-b340-42c98c54d18a
0a2006a9-9f2a-4246-b377-080eaea38b01,09d3de7c-11a8-48cb-a0cc-99fe81017a56
0a2006a9-9f2a-4246-b377-080eaea38b01,c1493a76-71af-47d9-ae74-03742d0b4b1e
0a2006a9-9f2a-4246-b377-080eaea38b01,85bd1fe0-c6eb-4dd6-8a32-d6811e1efd02
0a2006a9-9f2a-4246-b377-080eaea38b01,810dc13b-35cc-47a9-b89f-9afea9814a8a
0a2006a9-9f2a-4246-b377-080eaea38b01,d10c4350-bfd1-4ea4-8b8a-eb42d2ff8214
0a2006a9-9f2a-4246-b377-080eaea38b01,68db430c-e4f0-4d4b-808f-6f2d8843b060
0a2006a9-9f2a-4246-b377-080eaea38b01,8687e292-fae5-4dd9-9f8a-16df73fe0819
0a2006a9-9f2a-4246-b377-080eaea38b01,4931ba26-1ba3-4c13-9377-506a2026aa85
0a2006a9-9f2a-4246-b377-080eaea38b01,5a3f6fc2-f177-42e7-a25f-f663d4bc6046
0a2006a9-9f2a-4246-b377-080eaea38b01,a7626720-d855-4f62-a275-bea3d7f03dbc
0a2006a9-9f2a-4246-b377-080eaea38b01,9d0c20c3-1ca8-4024-be35-5953a43c67a8
0a2006a9-9f2a-4246-b377-080eaea38b01,c348a9c9-efc9-492a-b043-31746467dd90
0a2006a9-9f2a-4246-b377-080eaea38b01,c24db0fc-48d8-4c03-b691-881eeaee8eee
0a2006a9-9f2a-4246-b377-080eaea38b01,e0d543d3-881d-499c-87ee-5486b626435c
0a2006a9-9f2a-4246-b377-080eaea38b01,070c5044-0ed0-40cb-925e-a11fae1f48f7
0a2006a9-9f2a-4246-b377-080eaea38b01,1e1e5ace-8754-43a1-9a37-532391a4627a
0a2006a9-9f2a-4246-b377-080eaea38b01,067654c8-6ea6-4d56-a8de-0039c92b3452
0a2006a9-9f2a-4246-b377-080eaea38b01,90d2efd6-b9bf-4c52-8e7e-3f5bec63787a
0a2006a9-9f2a-4246-b377-080eaea38b01,13d7cb39-c3b9-450a-ac48-588daa4e241d
0a2006a9-9f2a-4246-b377-080eaea38b01,da0c9fc7-7dbc-4c35-ade2-69379f07f551
0a2006a9-9f2a-4246-b377-080eaea38b01,372a903a-93f2-4048-934b-c8200625c772
0a2006a9-9f2a-4246-b377-080eaea38b01,fd404a28-3181-4eb0-ae4b-13ecb06e30a2
0a2006a9-9f2a-4246-b377-080eaea38b01,1830f20a-5937-4dac-81a2-38d2d4740dcb
0a2006a9-9f2a-4246-b377-080eaea38b01,67009a20-ef00-46d8-9592-1c3b1b8f6052
0a2006a9-9f2a-4246-b377-080eaea38b01,1b62cefe-3c21-49b4-a65d-cf8c525be970
0a2006a9-9f2a-4246-b377-080eaea38b01,c692af8a-72e8-4b10-9e0a-e0f984b9ef15
0a2006a9-9f2a-4246-b377-080eaea38b01,05ee7e9a-1b18-49a1-ac76-dfd832006619
0a2006a9-9f2a-4246-b377-080eaea38b01,85352628-0985-4699-96ac-1d0c1549ece0
0a2006a9-9f2a-4246-b377-080eaea38b01,1d0faf00-4504-4b38-a146-f04e10eb6cb8
0a2006a9-9f2a-4246-b377-080eaea38b01,b92befff-3d14-41c4-a668-8e467a1ae74f
0a2006a9-9f2a-4246-b377-080eaea38b01,835ca303-e9f0-4169-98d4-d8c247474cbc
0a2006a9-9f2a-4246-b377-080eaea38b01,efb9eea2-02f2-45c2-9333-682669a0ad23
0a2006a9-9f2a-4246-b377-080eaea38b01,c1048b41-1a67-4f03-a0a7-fcd0c2d8c057
0a2006a9-9f2a-4246-b377-080eaea38b01,a7115530-e6ce-4ec5-a76f-23bf7a61e52a
0a2006a9-9f2a-4246-b377-080eaea38b01,73f77348-94bb-4b55-9717-da008f0a7571
0a2006a9-9f2a-4246-b377-080eaea38b01,81180c13-fdbe-49c4-813d-5239de3898b7
0a2006a9-9f2a-4246-b377-080eaea38b01,33a6b85b-b0ca-4290-8870-3b72ba20695a
0a2006a9-9f2a-4246-b377-080eaea38b01,3d06f91a-4be6-47aa-b0c6-842a9984ee25
0a2006a9-9f2a-4246-b377-080eaea38b01,0c0d2275-c8b2-45cf-b2d1-f2d7fc439f76
0a2006a9-9f2a-4246-b377-080eaea38b01,6fa531b4-5bcc-4b61-b9e0-9d40ca9d426f
0a2006a9-9f2a-4246-b377-080eaea38b01,662bc2f0-8a84-483f-bbf8-ff001d39bb0c
0a2006a9-9f2a-4246-b377-080eaea38b01,3d0ef6a6-c97f-4272-ba1f-cb370cc15585
0a2006a9-9f2a-4246-b377-080eaea38b01,2da00360-2786-446d-996c-5a48b636fc62
0a2006a9-9f2a-4246-b377-080eaea38b01,3bfaa1fb-1ba1-46bf-99b3-384d8b230cb7
0a2006a9-9f2a-4246-b377-080eaea38b01,f1b7cd3b-58db-4aee-bf73-67961c113dab
0a2006a9-9f2a-4246-b377-080eaea38b01,65ff6043-5b1d-4bcd-add9-14ca36522bcb
0a2006a9-9f2a-4246-b377-080eaea38b01,9acf1170-80b8-4d54-b082-527a98a768c7
0a2006a9-9f2a-4246-b377-080eaea38b01,8277b791-e964-4934-a495-e9dd64367701
0a2006a9-9f2a-4246-b377-080eaea38b01,43700082-ff97-4217-a33c-c9e0f6b7b320
0a2006a9-9f2a-4246-b377-080eaea38b01,c0e7d9f7-24ec-4bd8-91b4-d8a480cf7a62
0a2006a9-9f2a-4246-b377-080eaea38b01,6f1dfce6-0f16-4392-bfd5-f2985980f051
0a2006a9-9f2a-4246-b377-080eaea38b01,c20d8a21-031b-4877-a061-a80e07ed0853
0a2006a9-9f2a-4246-b377-080eaea38b01,80b20793-73f5-4da4-86b9-e03acb879b68
0a2006a9-9f2a-4246-b377-080eaea38b01,2eee1c2f-f5f0-4cfb-9c10-1eeefb31cbad
0a2006a9-9f2a-4246-b377-080eaea38b01,0ffd5ffe-7a53-4cf2-82a9-8cbefa633113
0a2006a9-9f2a-4246-b377-080eaea38b01,98e71379-aa85-45a8-a3f3-93341c1de446
0a2006a9-9f2a-4246-b377-080eaea38b01,1dc06e95-ea4a-4b7f-8f32-d7e74b6499e2
0a2006a9-9f2a-4246-b377-080eaea38b01,ddb3f46e-8477-4673-91af-fa0d6b46898f
0a2006a9-9f2a-4246-b377-080eaea38b01,db1f32d9-715b-4a6f-86e9-3ec15a6a92e6
0a2006a9-9f2a-4246-b377-080eaea38b01,9bebb256-1095-4d15-a105-0543425aaaa0
0a2006a9-9f2a-4246-b377-080eaea38b01,2e8b8a07-ec7d-45f8-b089-03688e9eedf9
0a2006a9-9f2a-4246-b377-080eaea38b01,a1a0e2f1-b4d4-4059-a849-63dc620a6f8c
0a2006a9-9f2a-4246-b377-080eaea38b01,878fd5cb-4c55-46e8-b76b-2f2705209e0f
0a2006a9-9f2a-4246-b377-080eaea38b01,1169e69e-9c51-4d72-a01b-f243be43752f
0a2006a9-9f2a-4246-b377-080eaea38b01,9cfaea27-2171-42ba-9efa-bff1909c0fb0
0a2006a9-9f2a-4246-b377-080eaea38b01,66c80062-967f-45c1-86dd-9f9684fe07d6
0a2006a9-9f2a-4246-b377-080eaea38b01,5ec17443-d4d8-4ff2-a516-6738e3bca1b4
0a2006a9-9f2a-4246-b377-080eaea38b01,43720ba6-fd26-4151-bf7c-c14707a0d91e
0a2006a9-9f2a-4246-b377-080eaea38b01,a6cba563-228e-4365-96a4-f9ba54605dcd
0a2006a9-9f2a-4246-b377-080eaea38b01,340dccfe-e716-4650-aee8-bfd407147742
0a2006a9-9f2a-4246-b377-080eaea38b01,edc7de25-d505-4782-b7fe-740f1a999912
0a2006a9-9f2a-4246-b377-080eaea38b01,ccc6a136-e097-4bba-952c-ff0c99bf78ad
0a2006a9-9f2a-4246-b377-080eaea38b01,a9eeb7eb-4644-44e8-96d1-b79c815b36e8
0a2006a9-9f2a-4246-b377-080eaea38b01,8fbf5267-6eaf-48e7-b335-632bf40c9bc0
0a2006a9-9f2a-4246-b377-080eaea38b01,a6538432-9783-4bd4-b14e-db6871310ce4
0a2006a9-9f2a-4246-b377-080eaea38b01,26f263b4-e23f-47c5-a286-b009d9f2ddb8
0a2006a9-9f2a-4246-b377-080eaea38b01,f42382ce-aa16-4a7c-92cd-b4b1e0ca3603
0a2006a9-9f2a-4246-b377-080eaea38b01,bbdcc624-b9ad-4efa-92ba-3e4fbecf8daf
0a2006a9-9f2a-4246-b377-080eaea38b01,6115ed75-4efc-452d-8aac-642af6c102d3
0a2006a9-9f2a-4246-b377-080eaea38b01,01eae00e-56af-4cbf-a22c-c2e2919d3d38
0a2006a9-9f2a-4246-b377-080eaea38b01,f7c31a7d-7e6b-4450-a1cb-5ba2012a55cd
0a2006a9-9f2a-4246-b377-080eaea38b01,9f2d552e-ba59-48da-ab23-db8ba5113f64
0a2006a9-9f2a-4246-b377-080eaea38b01,c959b26f-c8ec-4f3d-ad19-3d58c7830b2a
0a2006a9-9f2a-4246-b377-080eaea38b01,9f020a0e-e99a-4eb8-ac6f-039bea3c8461
0a2006a9-9f2a-4246-b377-080eaea38b01,f3377b12-60fb-4c7c-b8cf-b2b7e06c283d
